revision	construction	test_type	accuracy	delta_surps	delta_surps_and	delta_accuracy	delta_accuracy_zscale
step1	let alone	NPI	0.640721940214326	-0.1949999944274867	-0.225303974248431	0.0	0.0
step1	let alone	Pseudocleft	0.2222222222222222	0.0496255392686701	0.1739734255924644	0.0	0.0
step1	let alone	CP Conjunction	0.2137619853355894	0.0910552197503156	0.1652983376620788	0.0	0.0
step1	let alone	VP Conjunction	0.6040609137055838	-0.0141211217631744	-0.0300439892686563	0.0	0.0
step1	let alone	VP Gap Conjunction	0.5386350817822899	0.0457501344202066	0.0418158986779571	0.0	0.0
step1	let alone	Avg_Test	0.3589020492573792	-0.0181064118028336	0.0379892630020373	0.0	0.0
step1	let alone	Avg_Control	0.5713479977439369	0.0158145063285161	0.0058859547046504	0.0	0.0
step1	much less	NPI	0.6615905245346869	-0.1806080313100024	-0.225303974248431	0.0	0.0
step1	much less	Pseudocleft	0.1590524534686971	0.0468084461192795	0.1739734255924644	0.0	0.0
step1	much less	CP Conjunction	0.5470953186689227	0.1751921541329097	0.1652983376620788	0.0	0.0
step1	much less	VP Conjunction	0.7783417935702199	0.052111637504909	-0.0300439892686563	0.0	0.0
step1	much less	VP Gap Conjunction	0.9216018048505358	0.1608911316339673	0.0418158986779571	0.0	0.0
step1	much less	Avg_Test	0.4559127655574356	0.0137975229807289	0.0379892630020373	0.0	0.0
step1	much less	Avg_Control	0.8499717992103779	0.1065013845694382	0.0058859547046504	0.0	0.0
step1	not to mention	NPI	0.730400451212634	-0.1731658285778925	-0.225303974248431	0.0	0.0
step1	not to mention	Pseudocleft	0.5273547659334461	0.200906621757632	0.1739734255924644	0.0	0.0
step1	not to mention	CP Conjunction	0.1669486745628877	0.0735302702962377	0.1652983376620788	0.0	0.0
step1	not to mention	VP Conjunction	0.4331641285956006	-0.0428526249566592	-0.0300439892686563	0.0	0.0
step1	not to mention	VP Gap Conjunction	0.3970671178793006	0.0192763322635485	0.0418158986779571	0.0	0.0
step1	not to mention	Avg_Test	0.4749012972363227	0.0337570211586591	0.0379892630020373	0.0	0.0
step1	not to mention	Avg_Control	0.4151156232374506	-0.0117881463465553	0.0058859547046504	0.0	0.0
step1	never mind	NPI	0.6756909193457417	-0.1939208944571333	-0.225303974248431	0.0	0.0
step1	never mind	Pseudocleft	0.2278623801466441	0.0346017074800116	0.1739734255924644	0.0	0.0
step1	never mind	CP Conjunction	0.1900733220530175	0.0759904030952088	0.1652983376620788	0.0	0.0
step1	never mind	VP Conjunction	0.4709531866892273	-0.0421262037532179	-0.0300439892686563	0.0	0.0
step1	never mind	VP Gap Conjunction	0.6728708403835307	0.0735429773475918	0.0418158986779571	0.0	0.0
step1	never mind	Avg_Test	0.3645422071818011	-0.0277762612939709	0.0379892630020373	0.0	0.0
step1	never mind	Avg_Control	0.571912013536379	0.0157083867971869	0.0058859547046504	0.0	0.0
step2	let alone	NPI	0.640721940214326	-0.1961226578963656	-0.2268918753342648	0.0	-0.1348642181817545
step2	let alone	Pseudocleft	0.2205301748448956	0.0467956729077782	0.1713653904397946	-0.0016920473773266165	-0.14405800019589635
step2	let alone	CP Conjunction	0.2120699379582628	0.0940618757063967	0.1694135751955534	-0.0016920473773266165	-0.14405800019589635
step2	let alone	VP Conjunction	0.6023688663282571	-0.0132108135406269	-0.0287685162995538	-0.0016920473773266442	-0.1440580001958965
step2	let alone	VP Gap Conjunction	0.5375070501974055	0.0468013110432461	0.0432383515239097	-0.0011280315848843925	-0.1409934061911823
step2	let alone	Avg_Test	0.3577740176724948	-0.0184217030940635	0.0379623634336944	-0.0011280315848843925	-0.1409934061911823
step2	let alone	Avg_Control	0.5699379582628313	0.0167952487513095	0.0072349176121779	-0.0014100394811055184	-0.1425257031935394
step2	much less	NPI	0.6638465877044557	-0.1816691346445529	-0.2268918753342648	0.002256063169768785	-0.1226058421628989
step2	much less	Pseudocleft	0.1584884376762549	0.0440566621792229	0.1713653904397946	-0.0005640157924421962	-0.1379288121864684
step2	much less	CP Conjunction	0.5454032712915962	0.1781537760063813	0.1694135751955534	-0.0016920473773265332	-0.1440580001958959
step2	much less	VP Conjunction	0.7772137619853355	0.0530193321326999	-0.0287685162995538	-0.0011280315848843925	-0.1409934061911823
step2	much less	VP Gap Conjunction	0.9210377890580936	0.1619816552563972	0.0432383515239097	-0.0005640157924421407	-0.1379288121864681
step2	much less	Avg_Test	0.4559127655574356	0.0135137678470171	0.0379623634336944	0.0	-0.1348642181817545
step2	much less	Avg_Control	0.8491257755217145	0.1075004936945485	0.0072349176121779	-0.0008460236886633776	-0.13946110918882582
step2	not to mention	NPI	0.7326565143824028	-0.1742955276136403	-0.2268918753342648	0.002256063169768785	-0.1226058421628989
step2	not to mention	Pseudocleft	0.5284827975183305	0.1983426530281837	0.1713653904397946	0.0011280315848843925	-0.1287350301723267
step2	not to mention	CP Conjunction	0.1630005640157924	0.0766136413634462	0.1694135751955534	-0.00394811054709529	-0.15631637621475136
step2	not to mention	VP Conjunction	0.4303440496333897	-0.0418821222958293	-0.0287685162995538	-0.0028200789622109257	-0.1501871882053237
step2	not to mention	VP Gap Conjunction	0.3970671178793006	0.0203710352708845	0.0432383515239097	0.0	-0.1348642181817545
step2	not to mention	Avg_Test	0.4747132919721752	0.0335535889259965	0.0379623634336944	-0.00018800526414747276	-0.13588574951665952
step2	not to mention	Avg_Control	0.4137055837563451	-0.0107555435124723	0.0072349176121779	-0.0014100394811055184	-0.1425257031935394
step2	never mind	NPI	0.676818950930626	-0.195026255702811	-0.2268918753342648	0.0011280315848843925	-0.1287350301723267
step2	never mind	Pseudocleft	0.2284263959390862	0.031980879751895	0.1713653904397946	0.000564015792442113	-0.13179962417704105
step2	never mind	CP Conjunction	0.1872532430908065	0.0789561177537189	0.1694135751955534	-0.002820078962211009	-0.15018718820532415
step2	never mind	VP Conjunction	0.4686971235194585	-0.0411562545784973	-0.0287685162995538	-0.002256063169768785	-0.1471225942006101
step2	never mind	VP Gap Conjunction	0.6711787930062042	0.0746290434973427	0.0432383515239097	-0.0016920473773265332	-0.1440580001958959
step2	never mind	Avg_Test	0.3641661966535063	-0.028029752732399	0.0379623634336944	-0.000376010528294779	-0.13690728085156367
step2	never mind	Avg_Control	0.5699379582628313	0.0167363944594226	0.0072349176121779	-0.001974055273547659	-0.145590297198253
step4	let alone	NPI	0.6711787930062042	-0.2187669606647178	-0.2589991295734369	0.030456852791878153	0.03062385807279375
step4	let alone	Pseudocleft	0.2109419063733784	-0.0084251311291964	0.119864592361235	-0.009588268471517197	-0.18696231626189005
step4	let alone	CP Conjunction	0.1539763113367174	0.1529999742115277	0.2501976031471764	-0.05809362662154538	-0.4505174006672818
step4	let alone	VP Conjunction	0.5707839819514946	0.0046341417875252	-0.0035215298200285	-0.031584884376762545	-0.30648148244573054
step4	let alone	VP Gap Conjunction	0.5008460236886633	0.0671623249344415	0.0708452516266402	-0.036661026508742256	-0.33406282848815533
step4	let alone	Avg_Test	0.3453656702387667	-0.0247307058607955	0.0370210219783248	-0.012408347433728095	-0.2022852862854591
step4	let alone	Avg_Control	0.535815002820079	0.0358982333609834	0.0336618609033058	-0.034122955442752345	-0.32027215546694265
step4	much less	NPI	0.6999435984207558	-0.2033126167301665	-0.2589991295734369	0.036097010716300115	0.06126979811993276
step4	much less	Pseudocleft	0.155668358714044	-0.0096234457679743	0.119864592361235	-0.002820078962210898	-0.15018718820532356
step4	much less	CP Conjunction	0.4314720812182741	0.2359452653724597	0.2501976031471764	-0.11393119007332209	-0.7539122071339541
step4	much less	VP Conjunction	0.757473209249859	0.0706973680989997	-0.0035215298200285	-0.01974055273547659	-0.2421250083467395
step4	much less	VP Gap Conjunction	0.9091934574168076	0.1828925858361534	0.0708452516266402	-0.011844331641286066	-0.1992206922807461
step4	much less	Avg_Test	0.429028012784358	0.0076697342914395	0.0370210219783248	-0.026884752773077614	-0.2809431990731149
step4	much less	Avg_Control	0.8333333333333333	0.1267949769675765	0.0336618609033058	-0.015792442188381273	-0.2206728503137425
step4	not to mention	NPI	0.7631133671742809	-0.1971060322020864	-0.2589991295734369	0.030456852791878153	0.03062385807279375
step4	not to mention	Pseudocleft	0.5329949238578681	0.1478578849357867	0.119864592361235	0.00451212633953757	-0.11034746614404328
step4	not to mention	CP Conjunction	0.1201353637901861	0.137246850514506	0.2501976031471764	-0.042865200225606304	-0.36777336254000764
step4	not to mention	VP Conjunction	0.4032712915961647	-0.0225237159492333	-0.0035215298200285	-0.027072758037224975	-0.28196473040801934
step4	not to mention	VP Gap Conjunction	0.3733784545967287	0.041741259274211	0.0708452516266402	-0.02368866328257191	-0.2635771663797365
step4	not to mention	Avg_Test	0.4720812182741116	0.0293329010827354	0.0370210219783248	-0.0026320736980636195	-0.14916565687041958
step4	not to mention	Avg_Control	0.3883248730964467	0.0096087716624888	0.0336618609033058	-0.025380710659898387	-0.2727709483938776
step4	never mind	NPI	0.7163000564015792	-0.2174895416190916	-0.2589991295734369	0.03948110547095318	0.07965736214821556
step4	never mind	Pseudocleft	0.2289904117315284	-0.0190868748827835	0.119864592361235	0.0005640157924421962	-0.1317996241770406
step4	never mind	CP Conjunction	0.1331077270163564	0.1370059791689731	0.2501976031471764	-0.05414551607445009	-0.4290652426342849
step4	never mind	VP Conjunction	0.4467005076142132	-0.0220840048534481	-0.0035215298200285	-0.02199661590524532	-0.2543833843655948
step4	never mind	VP Gap Conjunction	0.6373378454596729	0.0954143574731335	0.0708452516266402	-0.03384094754653133	-0.31873985846458613
step4	never mind	Avg_Test	0.3594660650498213	-0.033190145777634	0.0370210219783248	-0.004700131603684987	-0.16040250155437044
step4	never mind	Avg_Control	0.5420191765369431	0.0366651763098427	0.0336618609033058	-0.027918781725888242	-0.28656162141509
step8	let alone	NPI	0.7580372250423012	-0.4730651697329862	-0.5414982487505865	0.086858432036097	0.33708325854417964
step8	let alone	Pseudocleft	0.161872532430908	-0.3614840935127787	-0.2039240010364272	-0.04906937394247041	-0.40148389659186023
step8	let alone	CP Conjunction	0.0028200789622109	0.6533136260220377	0.9321168290647625	-0.1511562323745065	-0.9561754114450688
step8	let alone	VP Conjunction	0.2673434856175973	0.1524904539406266	0.2129836025980321	-0.3034404963338973	-1.78361579271781
step8	let alone	VP Gap Conjunction	0.2143260011280315	0.2370248763358197	0.2933311209595277	-0.2865200225606318	-1.691677972576395
step8	let alone	Avg_Test	0.30757661214514	-0.0604118790745757	0.0622315264259161	-0.037789058093626704	-0.34019201649758346
step8	let alone	Avg_Control	0.2408347433728144	0.1947576651382231	0.2531573617787799	-0.2949802594472646	-1.7376468826471028
step8	much less	NPI	0.8099266779469825	-0.4372835594990532	-0.5414982487505865	0.10998307952622666	0.4627316127374475
step8	much less	Pseudocleft	0.1849971799210377	-0.329345046902402	-0.2039240010364272	0.029328821206993705	0.024494670063365646
step8	much less	CP Conjunction	0.0208685843203609	0.7453175978813882	0.9321168290647625	-0.4106034968979132	-2.365888653613444
step8	much less	VP Conjunction	0.562887760857304	0.2254676184140553	0.2129836025980321	-0.19458544839255498	-1.1921491498080357
step8	much less	VP Gap Conjunction	0.8065425831923294	0.3537407115026174	0.2933311209595277	-0.10265087422447816	-0.6926203270396761
step8	much less	Avg_Test	0.3385974807294604	-0.007103669506689	0.0622315264259161	-0.0904305320548976	-0.6262207902708767
step8	much less	Avg_Control	0.6847151720248167	0.2896041649583364	0.2531573617787799	-0.14861816130851657	-0.9423847384238558
step8	not to mention	NPI	0.9238578680203046	-0.4223550580278064	-0.5414982487505865	0.16074450084602365	0.7385450731616949
step8	not to mention	Pseudocleft	0.7450648618161309	-0.0869458753109247	-0.2039240010364272	0.2120699379582628	1.017423127590656
step8	not to mention	CP Conjunction	0.0067681895093062	0.6711096319853755	0.9321168290647625	-0.1133671742808799	-0.7508476131292402
step8	not to mention	VP Conjunction	0.1765369430344049	0.1424327942858425	0.2129836025980321	-0.2267343485617598	-1.366831008076726
step8	not to mention	VP Gap Conjunction	0.2470389170896785	0.2252800511695272	0.2933311209595277	-0.12633953750705018	-0.8213332752376588
step8	not to mention	Avg_Test	0.5585636397819139	0.0539362328822147	0.0622315264259161	0.08648242150780233	0.3350401958743711
step8	not to mention	Avg_Control	0.2117879300620417	0.1838564227276848	0.2531573617787799	-0.176536943034405	-1.0940821416571924
step8	never mind	NPI	0.9323181049069372	-0.4382850052069217	-0.5414982487505865	0.216018048505358	1.0388752856236523
step8	never mind	Pseudocleft	0.2741116751269035	-0.3141383145800835	-0.2039240010364272	0.04512126339537509	0.11030330219535428
step8	never mind	CP Conjunction	0.0	0.6230142015692748	0.9321168290647625	-0.1331077270163564	-0.8581084032942248
step8	never mind	VP Conjunction	0.2019176536943034	0.1382465792858729	0.2129836025980321	-0.2447828539199098	-1.4648980162275693
step8	never mind	VP Gap Conjunction	0.2673434856175973	0.2511825195760023	0.2933311209595277	-0.36999435984207557	-2.1452378852740455
step8	never mind	Avg_Test	0.4021432600112802	-0.0431363727392435	0.0622315264259161	0.042677194961458886	0.09702339484159393
step8	never mind	Avg_Control	0.2346305696559503	0.1947145494309376	0.2531573617787799	-0.3073886068809928	-1.8050679507508078
step16	let alone	NPI	0.9977439368302312	-0.3958020810010535	-0.5306253400954296	0.23970671178793002	1.167588233821635
step16	let alone	Pseudocleft	0.0783981951494641	-0.0100996014228729	0.1064795829183424	-0.08347433728144389	-0.5884241308794056
step16	let alone	CP Conjunction	0.0	0.5552112990291659	0.8622626005023197	-0.0028200789622109	-0.15018718820532356
step16	let alone	VP Conjunction	0.0468133107727016	0.1923052448373829	0.2981042964137078	-0.2205301748448957	-1.3331204740248734
step16	let alone	VP Gap Conjunction	0.009024252679075	0.2233172952960725	0.307761790990426	-0.2053017484489565	-1.2503764358975986
step16	let alone	Avg_Test	0.3587140439932317	0.0497698722017464	0.1460389477750775	0.05113743184809172	0.14299230491230186
step16	let alone	Avg_Control	0.0279187817258883	0.2078112700667277	0.3029330437020669	-0.2129159616469261	-1.2917484549612361
step16	much less	NPI	0.9774393683023124	-0.4031578936418166	-0.5306253400954296	0.1675126903553299	0.7753202012182611
step16	much less	Pseudocleft	0.0535815002820078	-0.0625882016960268	0.1064795829183424	-0.1314156796390299	-0.8489146212800835
step16	much less	CP Conjunction	0.0	0.5388424551157514	0.8622626005023197	-0.0208685843203609	-0.24825419635616686
step16	much less	VP Conjunction	0.1020868584320361	0.2254576131709874	0.2981042964137078	-0.46080090242526783	-2.6386375200329764
step16	much less	VP Gap Conjunction	0.1421319796954314	0.2618349933785635	0.307761790990426	-0.664410603496898	-3.7449559557346803
step16	much less	Avg_Test	0.3436736228614401	0.0243654532593026	0.1460389477750775	0.005076142131979711	-0.10728287213932969
step16	much less	Avg_Control	0.1221094190637337	0.2436463032747755	0.3029330437020669	-0.562605752961083	-3.191796737883829
step16	not to mention	NPI	0.9971799210377892	-0.4132936023684188	-0.5306253400954296	0.07332205301748462	0.2635330024310478
step16	not to mention	Pseudocleft	0.6142131979695431	0.1349884599060642	0.1064795829183424	-0.13085166384658775	-0.84585002727537
step16	not to mention	CP Conjunction	0.0050761421319796	0.6958592264785379	0.8622626005023197	-0.0016920473773266	-0.14405800019589626
step16	not to mention	VP Conjunction	0.155668358714044	0.2476450553803677	0.2981042964137078	-0.0208685843203609	-0.24825419635616686
step16	not to mention	VP Gap Conjunction	0.1889452904681331	0.2540098594798923	0.307761790990426	-0.05809362662154541	-0.4505174006672819
step16	not to mention	Avg_Test	0.5388230870464372	0.139184694672061	0.1460389477750775	-0.019740552735476702	-0.2421250083467401
step16	not to mention	Avg_Control	0.1723068245910885	0.25082745743013	0.3029330437020669	-0.03948110547095318	-0.3493857985117245
step16	never mind	NPI	1.0	-0.3854634816943759	-0.5306253400954296	0.06768189509306277	0.23288706238390944
step16	never mind	Pseudocleft	0.1285956006768189	-0.0008570466146453	0.1064795829183424	-0.14551607445008458	-0.9255294713979298
step16	never mind	CP Conjunction	0.0	0.4571605172455815	0.8622626005023197	0.0	-0.1348642181817545
step16	never mind	VP Conjunction	0.0045121263395375	0.1713712501848611	0.2981042964137078	-0.1974055273547659	-1.207472119831605
step16	never mind	VP Gap Conjunction	0.0084602368866328	0.1941014013919733	0.307761790990426	-0.2588832487309645	-1.5415128663454156
step16	never mind	Avg_Test	0.3761985335589397	0.0236133296455201	0.1460389477750775	-0.025944726452340527	-0.2758355423985912
step16	never mind	Avg_Control	0.0064861816130851	0.1827363257884172	0.3029330437020669	-0.22814438804286521	-1.3744924930885103
step32	let alone	NPI	0.9960518894529048	-0.2717425214054217	-0.3487028572697863	-0.0016920473773264222	-0.1440580001958953
step32	let alone	Pseudocleft	0.0197405527354765	-0.4439080298047784	-0.381244124763777	-0.0586576424139876	-0.45358199467199584
step32	let alone	CP Conjunction	0.0	0.0902852396203916	0.3101542621296271	0.0	-0.1348642181817545
step32	let alone	VP Conjunction	0.0	0.1901168742559081	0.2780786047395985	-0.0468133107727016	-0.3892255205730046
step32	let alone	VP Gap Conjunction	0.0	0.0439472375989162	0.106360788339958	-0.009024252679075	-0.18389772225717615
step32	let alone	Avg_Test	0.3385974807294604	-0.2084551038632695	-0.1399309066346454	-0.020116563263771314	-0.2441680710165484
step32	let alone	Avg_Control	0.0	0.1170320559274121	0.1922196965397782	-0.0279187817258883	-0.28656162141509034
step32	much less	NPI	1.0	-0.2660246971160492	-0.3487028572697863	0.022560631697687628	-0.01228045799319966
step32	much less	Pseudocleft	0.0276367738296672	-0.449828277519041	-0.381244124763777	-0.025944726452340604	-0.27583554239859165
step32	much less	CP Conjunction	0.0	0.0895280068833748	0.3101542621296271	0.0	-0.1348642181817545
step32	much less	VP Conjunction	0.006204173716864	0.2129547551602074	0.2780786047395985	-0.0958826847151721	-0.6558451989831108
step32	much less	VP Gap Conjunction	0.0033840947546531	0.0530983741446127	0.106360788339958	-0.1387478849407783	-0.8887543433413635
step32	much less	Avg_Test	0.3425455912765557	-0.2087749892505718	-0.1399309066346454	-0.0011280315848843925	-0.1409934061911823
step32	much less	Avg_Control	0.0047941342357586	0.1330265646524101	0.1922196965397782	-0.1173152848279751	-0.7722997711622367
step32	not to mention	NPI	0.9864636209813876	-0.2849155238840584	-0.3487028572697863	-0.010716300056401562	-0.1930915042713177
step32	not to mention	Pseudocleft	0.8945290468133108	-0.3378226010730827	-0.381244124763777	0.2803158488437677	1.3882390021610336
step32	not to mention	CP Conjunction	0.0078962210941906	0.2222354190200315	0.3101542621296271	0.0028200789622110003	-0.1195412481581849
step32	not to mention	VP Conjunction	0.0947546531302876	0.2216700203191474	0.2780786047395985	-0.0609137055837564	-0.4658403706908515
step32	not to mention	VP Gap Conjunction	0.1280315848843767	0.0643516573876361	0.106360788339958	-0.06091370558375642	-0.4658403706908516
step32	not to mention	Avg_Test	0.6296296296296297	-0.1335009019790365	-0.1399309066346454	0.09080654258319243	0.35853541657717725
step32	not to mention	Avg_Control	0.1113931190073322	0.1430108388533917	0.1922196965397782	-0.060913705583756306	-0.465840370690851
step32	never mind	NPI	1.0	-0.2498355022071111	-0.3487028572697863	0.0	-0.1348642181817545
step32	never mind	Pseudocleft	0.0095882684715172	-0.4475724685010571	-0.381244124763777	-0.11900733220530171	-0.7814935531763785
step32	never mind	CP Conjunction	0.0	-0.007802691085824	0.3101542621296271	0.0	-0.1348642181817545
step32	never mind	VP Conjunction	0.0	0.1535974396061776	0.2780786047395985	-0.0045121263395375	-0.15938097021946532
step32	never mind	VP Gap Conjunction	0.0	0.0079723052634267	0.106360788339958	-0.0084602368866328	-0.18083312825246226
step32	never mind	Avg_Test	0.3365294228238391	-0.2350702205979974	-0.1399309066346454	-0.0396691107351006	-0.35040732984662926
step32	never mind	Avg_Control	0.0	0.0807848724348022	0.1922196965397782	-0.0064861816130851	-0.1701070492359635
step64	let alone	NPI	0.993795826283136	-0.1180115883725549	-0.1803595337972625	-0.002256063169768785	-0.1471225942006101
step64	let alone	Pseudocleft	0.0552735476593344	-0.4056135455700078	-0.3599480329364016	0.0355329949238579	0.05820520411521875
step64	let alone	CP Conjunction	0.0	-0.0098204066776247	0.1935786523189641	0.0	-0.1348642181817545
step64	let alone	VP Conjunction	0.0	0.1948567961678287	0.3344207148866605	0.0	-0.1348642181817545
step64	let alone	VP Gap Conjunction	0.0	-0.014584856253859	0.0994548846017285	0.0	-0.1348642181817545
step64	let alone	Avg_Test	0.3496897913141568	-0.1778151802067291	-0.1155763048049	0.011092310584696397	-0.07459386942238182
step64	let alone	Avg_Control	0.0	0.0901359699569848	0.2169377997441945	0.0	-0.1348642181817545
step64	much less	NPI	0.9926677946982516	-0.1209599220073633	-0.1803595337972625	-0.007332205301748385	-0.1747039402430343
step64	much less	Pseudocleft	0.1212633953750705	-0.4160546734718972	-0.3599480329364016	0.0936266215454033	0.37385838660074616
step64	much less	CP Conjunction	0.0	0.0216225039400895	0.1935786523189641	0.0	-0.1348642181817545
step64	much less	VP Conjunction	0.0	0.2342707781353308	0.3344207148866605	-0.006204173716864	-0.16857475223360655
step64	much less	VP Gap Conjunction	0.0	0.0167421393655345	0.0994548846017285	-0.0033840947546531	-0.1532517822100375
step64	much less	Avg_Test	0.3713103966911073	-0.1717973638463903	-0.1155763048049	0.02876480541455162	0.02143007605865235
step64	much less	Avg_Control	0.0	0.1255064587504327	0.2169377997441945	-0.0047941342357586	-0.1609132672218223
step64	not to mention	NPI	0.8646362098138748	-0.1367304498572438	-0.1803595337972625	-0.12182741116751283	-0.7968165231999488
step64	not to mention	Pseudocleft	0.9255499153976312	-0.3058511249372264	-0.3599480329364016	0.031020868584320405	0.03368845207750795
step64	not to mention	CP Conjunction	0.0203045685279187	0.1070569506891017	0.1935786523189641	0.0124083474337281	-0.06744315007804985
step64	not to mention	VP Conjunction	0.0124083474337281	0.2310537815900825	0.3344207148866605	-0.0823463056965595	-0.5822949428699777
step64	not to mention	VP Gap Conjunction	0.045121263395375	0.0250043043361433	0.0994548846017285	-0.08291032148900168	-0.5853595368746917
step64	not to mention	Avg_Test	0.6034968979131415	-0.1118415413684561	-0.1155763048049	-0.02613273171648811	-0.2768570737334969
step64	not to mention	Avg_Control	0.0287648054145516	0.1280290429631129	0.2169377997441945	-0.08262831359278061	-0.5838272398723348
step64	never mind	NPI	1.0	-0.0954206432250012	-0.1803595337972625	0.0	-0.1348642181817545
step64	never mind	Pseudocleft	0.1128031584884376	-0.4065903958397535	-0.3599480329364016	0.1032148900169204	0.4259564846808812
step64	never mind	CP Conjunction	0.0	-0.0812110911636653	0.1935786523189641	0.0	-0.1348642181817545
step64	never mind	VP Conjunction	0.0	0.1726934876202595	0.3344207148866605	0.0	-0.1348642181817545
step64	never mind	VP Gap Conjunction	0.0	-0.0314844158901982	0.0994548846017285	0.0	-0.1348642181817545
step64	never mind	Avg_Test	0.3709343861628125	-0.1944073767428067	-0.1155763048049	0.034404963338973416	0.052076016105790456
step64	never mind	Avg_Control	0.0	0.0706045358650306	0.2169377997441945	0.0	-0.1348642181817545
step128	let alone	NPI	0.9796954314720812	0.0934516895442646	0.0344649918390006	-0.01410039481105485	-0.2114790682996017
step128	let alone	Pseudocleft	0.0022560631697687	-0.2179088926019469	-0.1092094874825776	-0.0530174844895657	-0.4229360546248571
step128	let alone	CP Conjunction	0.0	-0.2215174937476832	0.0094522692964901	0.0	-0.1348642181817545
step128	let alone	VP Conjunction	0.0	0.2015236823893642	0.3577159334560336	0.0	-0.1348642181817545
step128	let alone	VP Gap Conjunction	0.0	-0.0341702123449404	0.1232064301457972	0.0	-0.1348642181817545
step128	let alone	Avg_Test	0.3273171648806167	-0.1153248989351218	-0.0217640754490289	-0.0223726264335401	-0.25642644703540396
step128	let alone	Avg_Control	0.0	0.0836767350222119	0.2404611818009154	0.0	-0.1348642181817545
step128	much less	NPI	0.9971799210377892	0.1022134378544032	0.0344649918390006	0.00451212633953757	-0.11034746614404328
step128	much less	Pseudocleft	0.0637337845459672	-0.172891056342644	-0.1092094874825776	-0.057529610829103295	-0.4474528066625685
step128	much less	CP Conjunction	0.0	-0.1651073852233542	0.0094522692964901	0.0	-0.1348642181817545
step128	much less	VP Conjunction	0.0	0.226804355410486	0.3577159334560336	0.0	-0.1348642181817545
step128	much less	VP Gap Conjunction	0.0	-0.0004171859861697	0.1232064301457972	0.0	-0.1348642181817545
step128	much less	Avg_Test	0.3536379018612521	-0.0785950012371983	-0.0217640754490289	-0.017672494829855223	-0.23088816366278864
step128	much less	Avg_Control	0.0	0.1131935847121581	0.2404611818009154	0.0	-0.1348642181817545
step128	not to mention	NPI	0.4918217710095883	0.0527403191933844	0.0344649918390006	-0.3728144388042865	-2.1605608552976148
step128	not to mention	Pseudocleft	0.1675126903553299	-0.1584429262185997	-0.1092094874825776	-0.7580372250423013	-4.253678560517181
step128	not to mention	CP Conjunction	0.015228426395939	-0.1086814429083585	0.0094522692964901	-0.0050761421319797	-0.16244556422417925
step128	not to mention	VP Conjunction	0.0197405527354765	0.2269657705708271	0.3577159334560336	0.0073322053017484	-0.09502449612047459
step128	not to mention	VP Gap Conjunction	0.0	0.0143412371106693	0.1232064301457972	-0.045121263395375	-0.3800317385588628
step128	not to mention	Avg_Test	0.2248542959202858	-0.0714613499778579	-0.0217640754490289	-0.3786426019928557	-2.1922283266796576
step128	not to mention	Avg_Control	0.0098702763677382	0.1206535038407482	0.2404611818009154	-0.0188945290468134	-0.23752811733966928
step128	never mind	NPI	0.9904117315284828	0.0910714074708752	0.0344649918390006	-0.00958826847151717	-0.1869623162618899
step128	never mind	Pseudocleft	0.0597856739988719	-0.186721594671173	-0.1092094874825776	-0.0530174844895657	-0.4229360546248571
step128	never mind	CP Conjunction	0.0	-0.2420656289747725	0.0094522692964901	0.0	-0.1348642181817545
step128	never mind	VP Conjunction	0.0	0.2015139474347023	0.3577159334560336	0.0	-0.1348642181817545
step128	never mind	VP Gap Conjunction	0.0	-0.0254626174599722	0.1232064301457972	0.0	-0.1348642181817545
step128	never mind	Avg_Test	0.3500658018424516	-0.1125719387250234	-0.0217640754490289	-0.020868584320360872	-0.24825419635616672
step128	never mind	Avg_Control	0.0	0.088025664987365	0.2404611818009154	0.0	-0.1348642181817545
step256	let alone	NPI	0.9892836999435984	0.0967887385175245	0.0214895346846475	0.00958826847151728	-0.08276612010161848
step256	let alone	Pseudocleft	0.0028200789622109	0.4014373979390979	0.5549222934871357	0.0005640157924422001	-0.13179962417704058
step256	let alone	CP Conjunction	0.0	-0.4992815086011892	-0.2284885617345991	0.0	-0.1348642181817545
step256	let alone	VP Conjunction	0.0	0.1582166466817839	0.2742428819943603	0.0	-0.1348642181817545
step256	let alone	VP Gap Conjunction	0.0	-0.0075888851572414	0.1764300120999701	0.0	-0.1348642181817545
step256	let alone	Avg_Test	0.3307012596352698	-0.0003517907148555	0.115974422145728	0.003384094754653122	-0.11647665415347139
step256	let alone	Avg_Control	0.0	0.0753138807622712	0.2253364470471652	0.0	-0.1348642181817545
step256	much less	NPI	0.9921037789058094	0.0830485305743101	0.0214895346846475	-0.005076142131979822	-0.1624455642241799
step256	much less	Pseudocleft	0.0428652002256063	0.4434085333340597	0.5549222934871357	-0.020868584320360907	-0.24825419635616694
step256	much less	CP Conjunction	0.1500282007896221	-0.2765315492073829	-0.2284885617345991	0.1500282007896221	0.6803177870721316
step256	much less	VP Conjunction	0.4467005076142132	0.2722082756632005	0.2742428819943603	0.4467005076142132	2.2922942335516217
step256	much less	VP Gap Conjunction	0.0	0.0823543949847966	0.1764300120999701	0.0	-0.1348642181817545
step256	much less	Avg_Test	0.3949990599736792	0.0833085049003289	0.115974422145728	0.04136115811242708	0.0898726754972614
step256	much less	Avg_Control	0.2233502538071066	0.1772813353239985	0.2253364470471652	0.2233502538071066	1.0787150076849334
step256	not to mention	NPI	0.7743936830231246	0.0515836841026	0.0214895346846475	0.2825719120135363	1.4004973781798884
step256	not to mention	Pseudocleft	0.0298928369994359	0.3552698680255888	0.5549222934871357	-0.137619853355894	-0.8826251553319362
step256	not to mention	CP Conjunction	0.2120699379582628	-0.2700013724411536	-0.2284885617345991	0.1968415115623238	0.9346790894633823
step256	not to mention	VP Conjunction	0.8127467569091935	0.3279692122173793	0.2742428819943603	0.793006204173717	4.173954952445931
step256	not to mention	VP Gap Conjunction	0.0	0.0670465957762088	0.1764300120999701	0.0	-0.1348642181817545
step256	not to mention	Avg_Test	0.3387854859936078	0.0456173932290117	0.115974422145728	0.113931190073322	0.48418377077044467
step256	not to mention	Avg_Control	0.4063733784545967	0.197507903996794	0.2253364470471652	0.3965031020868585	2.0195453671320887
step256	never mind	NPI	0.9954878736604624	0.0951976727713183	0.0214895346846475	0.0050761421319796	-0.1072828721393303
step256	never mind	Pseudocleft	0.0078962210941906	0.3990347037124419	0.5549222934871357	-0.0518894529046813	-0.4168068666154293
step256	never mind	CP Conjunction	0.0	-0.4780398176271769	-0.2284885617345991	0.0	-0.1348642181817545
step256	never mind	VP Conjunction	0.0626057529610829	0.1970522569117409	0.2742428819943603	0.0626057529610829	0.20530571634148373
step256	never mind	VP Gap Conjunction	0.0	-0.0162905977058733	0.1764300120999701	0.0	-0.1348642181817545
step256	never mind	Avg_Test	0.3344613649182177	0.005397519618861	0.115974422145728	-0.015604436924233911	-0.21965131897883808
step256	never mind	Avg_Control	0.0313028764805414	0.0903808296029337	0.2253364470471652	0.0313028764805414	0.03522074907986434
step512	let alone	NPI	0.9357021996615904	0.0334727200692613	-0.0045432864241322	-0.05358150028200803	-0.42600064862957177
step512	let alone	Pseudocleft	0.0298928369994359	0.2196997229957473	0.342211432868454	0.027072758037225	0.012236294044510475
step512	let alone	CP Conjunction	0.1692047377326565	-0.4636335249210708	-0.4232211181556715	0.1692047377326565	0.784513983232403
step512	let alone	VP Conjunction	0.0005640157924421	0.0330833595349031	0.2209934158239133	0.0005640157924421	-0.13179962417704114
step512	let alone	VP Gap Conjunction	0.0129723632261703	0.1929794218468921	0.34295531335821	0.0129723632261703	-0.06437855607333594
step512	let alone	Avg_Test	0.378266591464561	-0.0701536939520207	-0.0285176572371165	0.04756533182929118	0.123583209549114
step512	let alone	Avg_Control	0.0067681895093062	0.1130313906908976	0.2819743645910617	0.0067681895093062	-0.09808909012518853
step512	much less	NPI	0.9035532994923858	0.0285552393832048	-0.0045432864241322	-0.08855047941342353	-0.61600547692183
step512	much less	Pseudocleft	0.093062605752961	0.2453271090749018	0.342211432868454	0.05019740552735471	0.1378846482377786
step512	much less	CP Conjunction	0.9605188945290468	-0.3448798066132229	-0.4232211181556715	0.8104906937394247	4.26895736659206
step512	much less	VP Conjunction	0.9706711787930062	0.3043519319683834	0.2209934158239133	0.523970671178793	2.71214361219742
step512	much less	VP Gap Conjunction	0.1122391426959954	0.2611058442792984	0.34295531335821	0.1122391426959954	0.4749899887563029
step512	much less	Avg_Test	0.6523782665914646	-0.0236658193850387	-0.0285176572371165	0.2573792066177854	1.26361217930267
step512	much less	Avg_Control	0.5414551607445008	0.2827288881238409	0.2819743645910617	0.31810490693739424	1.5935668004768617
step512	not to mention	NPI	0.9120135363790186	0.046049718324303	-0.0045432864241322	0.137619853355894	0.6128967189684271
step512	not to mention	Pseudocleft	0.494077834179357	0.3339724769312583	0.342211432868454	0.4641849971799211	2.3872966476977515
step512	not to mention	CP Conjunction	1.0	-0.2530436975701811	-0.4232211181556715	0.7879300620417372	4.146373606403506
step512	not to mention	VP Conjunction	0.9892836999435984	0.4013188435274265	0.2209934158239133	0.17653694303440493	0.8243537052936829
step512	not to mention	VP Gap Conjunction	0.1325437112239142	0.1856691249668833	0.34295531335821	0.1325437112239142	0.5853153729260019
step512	not to mention	Avg_Test	0.8020304568527918	0.0423261658951267	-0.0285176572371165	0.46324497085918404	2.3821889910232277
step512	not to mention	Avg_Control	0.5609137055837563	0.2934939842471549	0.2819743645910617	0.1545403271291596	0.7048345391098426
step512	never mind	NPI	0.975747320924986	0.0855963365949619	-0.0045432864241322	-0.01974055273547648	-0.24212500834673892
step512	never mind	Pseudocleft	0.2622673434856176	0.2709639496004521	0.342211432868454	0.254371122391427	1.2472676779441958
step512	never mind	CP Conjunction	0.577552171460801	-0.4123552056671332	-0.4232211181556715	0.577552171460801	3.003280042645237
step512	never mind	VP Conjunction	0.8990411731528483	0.313452509521295	0.2209934158239133	0.8364354201917654	4.409928690808898
step512	never mind	VP Gap Conjunction	0.0	0.1290436952852355	0.34295531335821	0.0	-0.1348642181817545
step512	never mind	Avg_Test	0.6051889452904682	-0.018598306490573	-0.0285176572371165	0.2707275803722505	1.3361409040808978
step512	never mind	Avg_Control	0.4495205865764241	0.2212481024032653	0.2819743645910617	0.41821771009588266	2.1375322363135716
step1000	let alone	NPI	0.8950930626057529	0.0327961060265262	-0.0332399783535186	-0.04060913705583746	-0.35551498652115177
step1000	let alone	Pseudocleft	0.964467005076142	0.4452888037750967	0.2565028731996436	0.9345741680767061	4.943168047629109
step1000	let alone	CP Conjunction	1.0	-0.4345199830506524	-0.636895935883713	0.8307952622673435	4.379282750761758
step1000	let alone	VP Conjunction	0.3513818386914834	0.0622974563572814	0.1010163017268646	0.3508178228990413	1.7713132527502662
step1000	let alone	VP Gap Conjunction	0.2115059221658206	0.4260504541596113	0.4932289235146787	0.1985335589396503	0.9438728714775235
step1000	let alone	Avg_Test	0.9531866892272984	0.0145216422503235	-0.1378776803458626	0.5749200977627374	2.988978603956572
step1000	let alone	Avg_Control	0.281443880428652	0.2441739552584463	0.2971226126207716	0.2746756909193458	1.3575930621138947
step1000	much less	NPI	0.9684151156232376	0.0457229092507058	-0.0332399783535186	0.06486181613085173	0.21756409236033963
step1000	much less	Pseudocleft	0.9142695995487874	0.3949411551426577	0.2565028731996436	0.8212069937958264	4.327184652681624
step1000	much less	CP Conjunction	0.990975747320925	-0.4739126350942871	-0.636895935883713	0.030456852791878153	0.03062385807279375
step1000	much less	VP Conjunction	0.8302312464749013	0.2147700820208537	0.1010163017268646	-0.14043993231810492	-0.8979481253555054
step1000	much less	VP Gap Conjunction	0.6576424139875916	0.5229978755040823	0.4932289235146787	0.5454032712915962	2.8285981843765464
step1000	much less	Avg_Test	0.9578868208309832	-0.0110828569003078	-0.1378776803458626	0.3055085542395186	1.5251242010382517
step1000	much less	Avg_Control	0.7439368302312465	0.368883978762468	0.2971226126207716	0.20248166948674562	0.9653250295105206
step1000	not to mention	NPI	0.5741680767061478	-0.0292990295078817	-0.0332399783535186	-0.33784545967287083	-1.9705560270053555
step1000	not to mention	Pseudocleft	0.9887196841511562	0.441574181531421	0.2565028731996436	0.49464184997179916	2.5527847239522994
step1000	not to mention	CP Conjunction	1.0	-0.3408253207693514	-0.636895935883713	0.0	-0.1348642181817545
step1000	not to mention	VP Conjunction	1.0	0.357480388136819	0.1010163017268646	0.010716300056401562	-0.07663693209219129
step1000	not to mention	VP Gap Conjunction	0.0045121263395375	0.2677613486695007	0.4932289235146787	-0.12803158488437671	-0.8305270572518002
step1000	not to mention	Avg_Test	0.8542959202857681	0.0238166104180625	-0.1378776803458626	0.05226546343297622	0.14912149292173024
step1000	not to mention	Avg_Control	0.5022560631697688	0.3126208684031599	0.2971226126207716	-0.05865764241398752	-0.4535819946719954
step1000	never mind	NPI	0.9949238578680204	0.074993866147527	-0.0332399783535186	0.01917653694303445	-0.030668022021483065
step1000	never mind	Pseudocleft	0.9825155104342922	0.4441305516603903	0.2565028731996436	0.7202481669486747	3.778622325837843
step1000	never mind	CP Conjunction	0.9560067681895094	-0.5057877554304507	-0.636895935883713	0.3784545967287084	1.9214783589812445
step1000	never mind	VP Conjunction	0.9921037789058094	0.3030457590773357	0.1010163017268646	0.0930626057529611	0.3707937925960323
step1000	never mind	VP Gap Conjunction	0.0	0.1974598338088946	0.4932289235146787	0.0	-0.1348642181817545
step1000	never mind	Avg_Test	0.9778153788306072	0.0044455541258222	-0.1378776803458626	0.372626433540139	1.8898108875992008
step1000	never mind	Avg_Control	0.4960518894529047	0.2502527964431151	0.2971226126207716	0.04653130287648061	0.11796478720713918
step2000	let alone	NPI	1.0	0.316697338376419	0.0858704495147601	0.10490693739424706	0.43515026669502327
step2000	let alone	Pseudocleft	1.0	0.6948181609279075	0.306991211653966	0.035532994923857975	0.058205204115219164
step2000	let alone	CP Conjunction	1.0	-0.0621584927504572	-0.892915698006808	0.0	-0.1348642181817545
step2000	let alone	VP Conjunction	0.6277495769881557	0.1676697792875114	0.1155011836781854	0.2763677382966723	1.3667868441280364
step2000	let alone	VP Gap Conjunction	0.9238578680203046	0.6374420213349714	0.4888816166246805	0.712351945854484	3.735718009771849
step2000	let alone	Avg_Test	1.0	0.3164523355179564	-0.1666846789460273	0.046813310772701566	0.11949708420949537
step2000	let alone	Avg_Control	0.7758037225042301	0.4025559003112414	0.3021914001514329	0.49435984207557815	2.551252426949943
step2000	much less	NPI	1.0	0.3795835267199813	0.0858704495147601	0.031584884376762434	0.03675304608222095
step2000	much less	Pseudocleft	1.0	0.709657447592256	0.306991211653966	0.08573040045121261	0.33095407053475184
step2000	much less	CP Conjunction	1.0	-0.3325900784065948	-0.892915698006808	0.009024252679075029	-0.08583071410633268
step2000	much less	VP Conjunction	0.152848279751833	-0.0130189341874829	0.1155011836781854	-0.6773829667230683	-3.815441617843099
step2000	much less	VP Gap Conjunction	0.6683587140439933	0.5364231455480722	0.4888816166246805	0.010716300056401673	-0.07663693209219068
step2000	much less	Avg_Test	1.0	0.2522169653018808	-0.1666846789460273	0.0421131791690168	0.09395880083688064
step2000	much less	Avg_Control	0.4106034968979131	0.2617021056802946	0.3021914001514329	-0.33333333333333337	-1.946039274967645
step2000	not to mention	NPI	0.3299492385786802	0.064219488105193	0.0858704495147601	-0.24421883812746759	-1.4618334222228553
step2000	not to mention	Pseudocleft	0.7264523406655387	0.3663185892035177	0.306991211653966	-0.26226734348561753	-1.5599004303736983
step2000	not to mention	CP Conjunction	1.0	-0.4639288681211003	-0.892915698006808	0.0	-0.1348642181817545
step2000	not to mention	VP Conjunction	0.6965595036661026	0.1870762059329528	0.1155011836781854	-0.30344049633389736	-1.7836157927178102
step2000	not to mention	VP Gap Conjunction	0.6514382402707276	0.5186306806317978	0.4888816166246805	0.6469261139311901	3.3802251052250414
step2000	not to mention	Avg_Test	0.6854671930814064	-0.0111302636041298	-0.1666846789460273	-0.1688287272043617	-1.0521993569261028
step2000	not to mention	Avg_Control	0.6739988719684151	0.3528534432823753	0.3021914001514329	0.17174280879864634	0.7983046562536152
step2000	never mind	NPI	0.9988719684151156	0.2144381942146589	0.0858704495147601	0.003948110547095207	-0.1134120601487581
step2000	never mind	Pseudocleft	1.0	0.6852867698777011	0.306991211653966	0.017484489565707806	-0.03986180403562507
step2000	never mind	CP Conjunction	1.0	-0.4325356361090094	-0.892915698006808	0.04399323181049064	0.10417411418592618
step2000	never mind	VP Conjunction	0.8606880992667795	0.2544441201629036	0.1155011836781854	-0.1314156796390299	-0.8489146212800835
step2000	never mind	VP Gap Conjunction	0.5865764241398759	0.5081660224432604	0.4888816166246805	0.5865764241398759	3.052313546720658
step2000	never mind	Avg_Test	0.9996239894717052	0.1557297759944502	-0.1666846789460273	0.02180861064109796	-0.016366583332818596
step2000	never mind	Avg_Control	0.7236322617033277	0.381305071303082	0.3021914001514329	0.22758037225042305	1.1016994627202874
step4000	let alone	NPI	1.0	0.1742752541005779	-0.1044880153765734	0.0	-0.1348642181817545
step4000	let alone	Pseudocleft	1.0	0.8554268230238138	0.4434212329894623	0.0	-0.1348642181817545
step4000	let alone	CP Conjunction	1.0	-0.1114307547180382	-0.8890219498541284	0.0	-0.1348642181817545
step4000	let alone	VP Conjunction	0.2346305696559503	-0.0280365921048477	0.0540858819803409	-0.3931190073322054	-2.2708862394673144
step4000	let alone	VP Gap Conjunction	0.9802594472645234	0.7185615135059475	0.5481322518997924	0.05640157924421885	0.17159518228963141
step4000	let alone	Avg_Test	1.0	0.3060904408021178	-0.1833629107470798	0.0	-0.1348642181817545
step4000	let alone	Avg_Control	0.6074450084602369	0.3452624607005498	0.3011090669400666	-0.16835871404399327	-1.0496455285888415
step4000	much less	NPI	1.0	0.2093174812555716	-0.1044880153765734	0.0	-0.1348642181817545
step4000	much less	Pseudocleft	1.0	0.9081972007084484	0.4434212329894623	0.0	-0.1348642181817545
step4000	much less	CP Conjunction	1.0	-0.2564349963849235	-0.8890219498541284	0.0	-0.1348642181817545
step4000	much less	VP Conjunction	0.1861252115059221	-0.0623815237164699	0.0540858819803409	0.033276931754089106	0.04594682809636311
step4000	much less	VP Gap Conjunction	0.9593908629441624	0.7082490033506339	0.5481322518997924	0.29103214890016915	1.4464662882505963
step4000	much less	Avg_Test	1.0	0.2870265618596989	-0.1833629107470798	0.0	-0.1348642181817545
step4000	much less	Avg_Control	0.5727580372250423	0.3229337398170819	0.3011090669400666	0.16215454032712917	0.7462065581734798
step4000	not to mention	NPI	0.7743936830231246	-0.0478051234555661	-0.1044880153765734	0.4444444444444444	2.280035857532766
step4000	not to mention	Pseudocleft	0.59278059785674	0.4656927065195771	0.4434212329894623	-0.13367174280879868	-0.8611729972989391
step4000	not to mention	CP Conjunction	1.0	-0.5510232642217336	-0.8890219498541284	0.0	-0.1348642181817545
step4000	not to mention	VP Conjunction	0.6790750141003948	0.0969695227333064	0.0540858819803409	-0.017484489565707806	-0.2298666323278839
step4000	not to mention	VP Gap Conjunction	0.2368866328257191	0.4626358378357088	0.5481322518997924	-0.4145516074450085	-2.3873408116464407
step4000	not to mention	Avg_Test	0.7890580936266215	-0.0443785603859075	-0.1833629107470798	0.10359090054521514	0.4279995473506901
step4000	not to mention	Avg_Control	0.4579808234630569	0.2798026802845076	0.3011090669400666	-0.21601804850535822	-1.3086037219871627
step4000	never mind	NPI	0.9954878736604624	0.0811839879601269	-0.1044880153765734	-0.0033840947546531774	-0.1532517822100379
step4000	never mind	Pseudocleft	1.0	0.8557365898082838	0.4434212329894623	0.0	-0.1348642181817545
step4000	never mind	CP Conjunction	1.0	-0.2884089576949256	-0.8890219498541284	0.0	-0.1348642181817545
step4000	never mind	VP Conjunction	0.622673434856176	0.1008579191755455	0.0540858819803409	-0.23801466441060348	-1.4281228881710026
step4000	never mind	VP Gap Conjunction	0.98195149464185	0.7458145895450718	0.5481322518997924	0.3953750705019742	2.013416179122661
step4000	never mind	Avg_Test	0.9984959578868208	0.216170540024495	-0.1833629107470798	-0.0011280315848843925	-0.1409934061911823
step4000	never mind	Avg_Control	0.802312464749013	0.4233362543603087	0.3011090669400666	0.07868020304568524	0.2926466454758285
step8000	let alone	NPI	1.0	0.3035640368270659	-0.0102965558778748	0.0	-0.1348642181817545
step8000	let alone	Pseudocleft	0.961082910321489	0.581832882783807	0.3425787611325044	-0.03891708967851104	-0.3463212045070109
step8000	let alone	CP Conjunction	1.0	-0.1181381166956213	-1.027109544827181	0.0	-0.1348642181817545
step8000	let alone	VP Conjunction	0.6649746192893401	-0.0587647189814292	-0.1196244852191905	0.4303440496333898	2.20342100741492
step8000	let alone	VP Gap Conjunction	0.975747320924986	0.7221963510497169	0.4247390812423628	-0.004512126339537459	-0.1593809702194651
step8000	let alone	Avg_Test	0.9870276367738297	0.2557529343050838	-0.2316091131908505	-0.012972363226170347	-0.20534988029017331
step8000	let alone	Avg_Control	0.820360970107163	0.3317158160341438	0.1525572980115861	0.21291596164692617	1.0220200185977273
step8000	much less	NPI	1.0	0.3929589277462171	-0.0102965558778748	0.0	-0.1348642181817545
step8000	much less	Pseudocleft	0.9971799210377892	0.7404163476779376	0.3425787611325044	-0.0028200789622108147	-0.1501871882053231
step8000	much less	CP Conjunction	1.0	-0.2308513924555125	-1.027109544827181	0.0	-0.1348642181817545
step8000	much less	VP Conjunction	0.6655386350817822	-0.060203993717157	-0.1196244852191905	0.47941342357586014	2.4700406858250252
step8000	much less	VP Gap Conjunction	0.9469825155104344	0.6856070947189891	0.4247390812423628	-0.012408347433727984	-0.2022852862854585
step8000	much less	Avg_Test	0.999059973679263	0.3008412943228807	-0.2316091131908505	-0.0009400263207369752	-0.13997187485627757
step8000	much less	Avg_Control	0.8062605752961083	0.312701550500916	0.1525572980115861	0.23350253807106602	1.133877699769783
step8000	not to mention	NPI	0.7901861252115059	0.0423450149927714	-0.0102965558778748	0.015792442188381273	-0.049055586049766474
step8000	not to mention	Pseudocleft	0.5228426395939086	0.3413169756489693	0.3425787611325044	-0.06993795826283133	-0.5148738747662728
step8000	not to mention	CP Conjunction	1.0	-0.5490151390273627	-1.027109544827181	0.0	-0.1348642181817545
step8000	not to mention	VP Conjunction	0.8646362098138748	0.0179093526839134	-0.1196244852191905	0.18556119571347995	0.8733872093691047
step8000	not to mention	VP Gap Conjunction	0.9588268471517204	0.5790384601080949	0.4247390812423628	0.7219402143260013	3.787816107851985
step8000	not to mention	Avg_Test	0.7710095882684715	-0.0551177161285406	-0.2316091131908505	-0.018048505358149947	-0.2329312263325975
step8000	not to mention	Avg_Control	0.9117315284827976	0.2984739063960041	0.1525572980115861	0.4537507050197407	2.3306016586105454
step8000	never mind	NPI	0.9650310208685844	0.149609216377013	-0.0102965558778748	-0.030456852791878042	-0.3003522944363021
step8000	never mind	Pseudocleft	0.913141567963903	0.5777496102833842	0.3425787611325044	-0.086858432036097	-0.6068116949076886
step8000	never mind	CP Conjunction	1.0	-0.3456432960561891	-1.027109544827181	0.0	-0.1348642181817545
step8000	never mind	VP Conjunction	0.4827975183305132	-0.1219719919321971	-0.1196244852191905	-0.13987591652566278	-0.8948835313507918
step8000	never mind	VP Gap Conjunction	0.9960518894529048	0.6852233040084021	0.4247390812423628	0.01410039481105474	-0.058249368063907875
step8000	never mind	Avg_Test	0.9593908629441624	0.1272385102014027	-0.2316091131908505	-0.03910509494265835	-0.34734273584191505
step8000	never mind	Avg_Control	0.739424703891709	0.2816256560381025	0.1525572980115861	-0.06288776085730396	-0.47656644970734946
step16000	let alone	NPI	1.0	0.3754960432337693	-0.0813851519217278	0.0	-0.1348642181817545
step16000	let alone	Pseudocleft	0.9983079526226736	0.7109055318740957	0.3930525871164975	0.03722504230118462	0.06739898612936117
step16000	let alone	CP Conjunction	1.0	-0.1600940983240307	-1.0341707710754515	0.0	-0.1348642181817545
step16000	let alone	VP Conjunction	0.8251551043429216	-0.0060247966144559	-0.1262295462623936	0.1601804850535815	0.7354804791569813
step16000	let alone	VP Gap Conjunction	1.0	0.7923973646126289	0.3648462185265315	0.02425267907501405	-0.003086675979058861
step16000	let alone	Avg_Test	0.999435984207558	0.3087691589279447	-0.2408344452935606	0.012408347433728317	-0.06744315007804867
step16000	let alone	Avg_Control	0.9125775521714607	0.3931862839990864	0.1193083361320689	0.09221658206429773	0.36619690158896095
step16000	much less	NPI	1.0	0.3912857915477032	-0.0813851519217278	0.0	-0.1348642181817545
step16000	much less	Pseudocleft	0.9977439368302312	0.7355236142487157	0.3930525871164975	0.0005640157924420297	-0.1317996241770415
step16000	much less	CP Conjunction	1.0	-0.2230407324337515	-1.0341707710754515	0.0	-0.1348642181817545
step16000	much less	VP Conjunction	0.7659334461364918	-0.04331148228804	-0.1262295462623936	0.1003948110547096	0.4106335146573127
step16000	much less	VP Gap Conjunction	1.0	0.6799423164791532	0.3648462185265315	0.05301748448956556	0.15320761826134738
step16000	much less	Avg_Test	0.9992479789434104	0.3012562244542224	-0.2408344452935606	0.00018800526414741725	-0.13384268684684977
step16000	much less	Avg_Control	0.8829667230682459	0.3183154170955565	0.1193083361320689	0.07670614777213758	0.28192056645933006
step16000	not to mention	NPI	0.9695431472081218	0.0789137007621339	-0.0813851519217278	0.17935702199661596	0.8396766753172528
step16000	not to mention	Pseudocleft	0.892272983643542	0.5484922416319097	0.3930525871164975	0.3694303440496334	1.8724448549058228
step16000	not to mention	CP Conjunction	1.0	-0.4871514852075205	-1.0341707710754515	0.0	-0.1348642181817545
step16000	not to mention	VP Conjunction	0.8432036097010717	-0.0115934227794425	-0.1262295462623936	-0.021432600112803124	-0.2513187903608809
step16000	not to mention	VP Gap Conjunction	0.999435984207558	0.685005900285638	0.3648462185265315	0.040609137055837574	0.08578655015764337
step16000	not to mention	Avg_Test	0.953938710283888	0.046751485728841	-0.2408344452935606	0.18292912201541645	0.8590857706804402
step16000	not to mention	Avg_Control	0.9213197969543148	0.3367062387530977	0.1193083361320689	0.00958826847151717	-0.08276612010161909
step16000	never mind	NPI	1.0	0.1741902782496125	-0.0813851519217278	0.03496897913141561	0.055140610110504355
step16000	never mind	Pseudocleft	0.9362662154540328	0.6538593922371388	0.3930525871164975	0.02312464749012977	-0.00921586398848606
step16000	never mind	CP Conjunction	1.0	-0.2041720168710225	-1.0341707710754515	0.0	-0.1348642181817545
step16000	never mind	VP Conjunction	0.6689227298364354	-0.0679864447734077	-0.1262295462623936	0.1861252115059222	0.8764518033738189
step16000	never mind	VP Gap Conjunction	1.0	0.7279598348502446	0.3648462185265315	0.003948110547095207	-0.1134120601487581
step16000	never mind	Avg_Test	0.9787554051513442	0.2079592178719096	-0.2408344452935606	0.019364542207181756	-0.029646490686578934
step16000	never mind	Avg_Control	0.8344613649182178	0.3299866950384184	0.1193083361320689	0.09503666102650876	0.38151987161253076
step32000	let alone	NPI	1.0	0.3720996055775151	-0.0590455651753915	0.0	-0.1348642181817545
step32000	let alone	Pseudocleft	0.9932318104906938	0.7046752946899896	0.3659629636206199	-0.005076142131979822	-0.1624455642241799
step32000	let alone	CP Conjunction	1.0	-0.1389791868664891	-1.0573796140764369	0.0	-0.1348642181817545
step32000	let alone	VP Conjunction	0.8009024252679074	0.0263425513169083	-0.0860089889973889	-0.02425267907501416	-0.2666417603844507
step32000	let alone	VP Gap Conjunction	0.9892836999435984	0.6814750733512711	0.3350776165673373	-0.010716300056401562	-0.1930915042713177
step32000	let alone	Avg_Test	0.9977439368302312	0.3125985711336718	-0.2501540718770695	-0.0016920473773267553	-0.1440580001958971
step32000	let alone	Avg_Control	0.8950930626057529	0.3539088123340897	0.1245343137849742	-0.017484489565707806	-0.2298666323278839
step32000	much less	NPI	1.0	0.4483142730144882	-0.0590455651753915	0.0	-0.1348642181817545
step32000	much less	Pseudocleft	0.9949238578680204	0.6934292074387449	0.3659629636206199	-0.0028200789622108147	-0.1501871882053231
step32000	much less	CP Conjunction	1.0	-0.1926979553343143	-1.0573796140764369	0.0	-0.1348642181817545
step32000	much less	VP Conjunction	0.847151720248167	0.0588050056700644	-0.0860089889973889	0.08121827411167515	0.30643731849704126
step32000	much less	VP Gap Conjunction	0.9847715736040608	0.6363101889034213	0.3350776165673373	-0.015228426395939243	-0.2176082563090295
step32000	much less	Avg_Test	0.9983079526226734	0.3163485083729729	-0.2501540718770695	-0.0009400263207370863	-0.13997187485627818
step32000	much less	Avg_Control	0.915961646926114	0.3475575972867429	0.1245343137849742	0.032994923857868175	0.04441453109400706
step32000	not to mention	NPI	0.9667230682459108	0.1296219722201309	-0.0590455651753915	-0.0028200789622110367	-0.1501871882053243
step32000	not to mention	Pseudocleft	0.9018612521150592	0.5148956739357885	0.3659629636206199	0.00958826847151717	-0.08276612010161909
step32000	not to mention	CP Conjunction	1.0	-0.4466284065009911	-1.0573796140764369	0.0	-0.1348642181817545
step32000	not to mention	VP Conjunction	0.883248730964467	0.0705120823037738	-0.0860089889973889	0.04004512126339532	0.08272195615292917
step32000	not to mention	VP Gap Conjunction	0.9954878736604624	0.6861127560513879	0.3350776165673373	-0.00394811054709554	-0.15631637621475272
step32000	not to mention	Avg_Test	0.9561947734536568	0.0659630798849761	-0.2501540718770695	0.002256063169768785	-0.1226058421628989
step32000	not to mention	Avg_Control	0.9393683023124648	0.3783124191775808	0.1245343137849742	0.018048505358150058	-0.03679721003091087
step32000	never mind	NPI	0.9977439368302312	0.1918312046935312	-0.0590455651753915	-0.002256063169768785	-0.1471225942006101
step32000	never mind	Pseudocleft	0.9232938522278624	0.5871650788048466	0.3659629636206199	-0.012972363226170347	-0.20534988029017331
step32000	never mind	CP Conjunction	1.0	-0.20321842888554	-1.0573796140764369	0.0	-0.1348642181817545
step32000	never mind	VP Conjunction	0.8189509306260575	0.0316051829015879	-0.0860089889973889	0.1500282007896221	0.6803177870721316
step32000	never mind	VP Gap Conjunction	0.999435984207558	0.7388816331647172	0.3350776165673373	-0.0005640157924420297	-0.1379288121864675
step32000	never mind	Avg_Test	0.9736792630193646	0.1919259515376126	-0.2501540718770695	-0.0050761421319796	-0.1624455642241787
step32000	never mind	Avg_Control	0.9091934574168076	0.3852434080331526	0.1245343137849742	0.07473209249858981	0.2711944874428309
step64000	let alone	NPI	1.0	0.3615703999626388	-0.1138164638061007	0.0	-0.1348642181817545
step64000	let alone	Pseudocleft	0.8962210941906373	0.549939744699761	0.3414370850930426	-0.09701071630005642	-0.6619743869925382
step64000	let alone	CP Conjunction	1.0	-0.1852999337299086	-1.1092643447333783	0.0	-0.1348642181817545
step64000	let alone	VP Conjunction	0.8578680203045685	0.0449295128662574	-0.1004207955869792	0.0569655950366611	0.17465977629434562
step64000	let alone	VP Gap Conjunction	1.0	0.6747103299519065	0.2632183440983531	0.010716300056401562	-0.07663693209219129
step64000	let alone	Avg_Test	0.9654070313968792	0.2420700703108304	-0.2938812411488122	-0.03233690543335199	-0.31056760778534825
step64000	let alone	Avg_Control	0.9289340101522844	0.359819921409082	0.0813987742556869	0.03384094754653144	0.04901142210107776
step64000	much less	NPI	1.0	0.3771312746434176	-0.1138164638061007	0.0	-0.1348642181817545
step64000	much less	Pseudocleft	0.8939650310208686	0.5373453508980585	0.3414370850930426	-0.10095882684715185	-0.6834265450255359
step64000	much less	CP Conjunction	1.0	-0.1840648076928273	-1.1092643447333783	0.0	-0.1348642181817545
step64000	much less	VP Conjunction	0.8849407783417935	0.0492724671716146	-0.1004207955869792	0.03778905809362654	0.07046358013407356
step64000	much less	VP Gap Conjunction	0.9977439368302312	0.6403018841955935	0.2632183440983531	0.012972363226170458	-0.06437855607333508
step64000	much less	Avg_Test	0.9646550103402896	0.2434706059495495	-0.2938812411488122	-0.0336529422823838	-0.3177183271296808
step64000	much less	Avg_Control	0.9413423575860124	0.344787175683604	0.0813987742556869	0.02538071065989833	0.0030425120303683383
step64000	not to mention	NPI	0.8945290468133108	0.0563993194448833	-0.1138164638061007	-0.07219402143260001	-0.5271322507851278
step64000	not to mention	Pseudocleft	0.7219402143260011	0.4589259574726619	0.3414370850930426	-0.1799210377890581	-1.1124697056854755
step64000	not to mention	CP Conjunction	1.0	-0.4116279530242817	-1.1092643447333783	0.0	-0.1348642181817545
step64000	not to mention	VP Conjunction	0.9407783417935702	0.0777085459440761	-0.1004207955869792	0.05752961082910324	0.17772437029905921
step64000	not to mention	VP Gap Conjunction	1.0	0.6479894318825367	0.2632183440983531	0.00451212633953757	-0.11034746614404328
step64000	not to mention	Avg_Test	0.8721564203797706	0.0345657746310878	-0.2938812411488122	-0.08403835307388619	-0.59148872488412
step64000	not to mention	Avg_Control	0.9703891708967852	0.3628489889133064	0.0813987742556869	0.031020868584320405	0.03368845207750795
step64000	never mind	NPI	0.9977439368302312	0.1499247316983347	-0.1138164638061007	0.0	-0.1348642181817545
step64000	never mind	Pseudocleft	0.838127467569092	0.5382921407939483	0.3414370850930426	-0.08516638465877047	-0.5976179128935473
step64000	never mind	CP Conjunction	1.0	-0.2453256340532469	-1.1092643447333783	0.0	-0.1348642181817545
step64000	never mind	VP Conjunction	0.8166948674562888	0.0170925596778297	-0.1004207955869792	-0.002256063169768674	-0.1471225942006095
step64000	never mind	VP Gap Conjunction	1.0	0.7005346730410279	0.2632183440983531	0.0005640157924420297	-0.1317996241770415
step64000	never mind	Avg_Test	0.9452904681331076	0.147630412813012	-0.2938812411488122	-0.028388794886257007	-0.28911544975235304
step64000	never mind	Avg_Control	0.9083474337281444	0.3588136163594288	0.0813987742556869	-0.0008460236886631556	-0.1394611091888246
step128000	let alone	NPI	1.0	0.3403207340014565	-0.1671961057139061	0.0	-0.1348642181817545
step128000	let alone	Pseudocleft	0.9142695995487874	0.5259004657173049	0.3285814388552696	0.018048505358150058	-0.03679721003091087
step128000	let alone	CP Conjunction	1.0	-0.2006058481811334	-1.1273457147412158	0.0	-0.1348642181817545
step128000	let alone	VP Conjunction	0.9407783417935702	0.0491017554348226	-0.1041908826252463	0.08291032148900168	0.31563110051118265
step128000	let alone	VP Gap Conjunction	1.0	0.7196031755736771	0.2460523013401623	0.0	-0.1348642181817545
step128000	let alone	Avg_Test	0.9714231998495958	0.221871783845876	-0.3219867938666174	0.006016168452716575	-0.10217521546480722
step128000	let alone	Avg_Control	0.9703891708967852	0.3843524655042499	0.0709307093574579	0.04145516074450084	0.09038344116471407
step128000	much less	NPI	1.0	0.4263890398738751	-0.1671961057139061	0.0	-0.1348642181817545
step128000	much less	Pseudocleft	0.9452904681331076	0.61282637330414	0.3285814388552696	0.051325437112239025	0.14401383624720598
step128000	much less	CP Conjunction	1.0	-0.2458553246973062	-1.1273457147412158	0.0	-0.1348642181817545
step128000	much less	VP Conjunction	0.9689791314156796	0.0662143555860094	-0.1041908826252463	0.08403835307388607	0.32176028852061045
step128000	much less	VP Gap Conjunction	1.0	0.6566571486043311	0.2460523013401623	0.002256063169768785	-0.1226058421628989
step128000	much less	Avg_Test	0.9817634893777026	0.264453362826903	-0.3219867938666174	0.017108479037413082	-0.04190486670543394
step128000	much less	Avg_Control	0.98448956570784	0.3614357520951703	0.0709307093574579	0.043147208121827596	0.09957722317885667
step128000	not to mention	NPI	0.958262831359278	0.0574037755739198	-0.1671961057139061	0.06373378454596723	0.21143490435091122
step128000	not to mention	Pseudocleft	0.9029892836999436	0.5169994687200332	0.3285814388552696	0.1810490693739425	0.8488704573313941
step128000	not to mention	CP Conjunction	1.0	-0.4048509947405114	-1.1273457147412158	0.0	-0.1348642181817545
step128000	not to mention	VP Conjunction	0.9813874788494078	0.0706034419365811	-0.1041908826252463	0.040609137055837574	0.08578655015764337
step128000	not to mention	VP Gap Conjunction	1.0	0.6680926620388731	0.2460523013401623	0.0	-0.1348642181817545
step128000	not to mention	Avg_Test	0.9537507050197406	0.0565174165178138	-0.3219867938666174	0.08159428463996998	0.3084803811668507
step128000	not to mention	Avg_Control	0.990693739424704	0.3693480519877271	0.0709307093574579	0.02030456852791873	-0.024538834012055866
step128000	never mind	NPI	1.0	0.1845308511995422	-0.1671961057139061	0.002256063169768785	-0.1226058421628989
step128000	never mind	Pseudocleft	0.9650310208685844	0.6310547620511903	0.3285814388552696	0.12690355329949243	0.5546694328788639
step128000	never mind	CP Conjunction	1.0	-0.3187026990986247	-1.1273457147412158	0.0	-0.1348642181817545
step128000	never mind	VP Conjunction	0.9419063733784546	0.0437681332054073	-0.1041908826252463	0.1252115059221658	0.5454756508647219
step128000	never mind	VP Gap Conjunction	1.0	0.7154410579281208	0.2460523013401623	0.0	-0.1348642181817545
step128000	never mind	Avg_Test	0.9883436736228616	0.1656276380507025	-0.3219867938666174	0.043053205489754	0.09906645751140492
step128000	never mind	Avg_Control	0.9709531866892274	0.379604595566764	0.0709307093574579	0.06260575296108295	0.20530571634148403
step143000	let alone	NPI	1.0	0.370681702855342	-0.1348791593087976	0.0	-0.1348642181817545
step143000	let alone	Pseudocleft	0.9199097574732092	0.52393971616376	0.3315697177547018	0.005640157924421851	-0.1042182781346161
step143000	let alone	CP Conjunction	1.0	-0.1815910455001254	-1.1078340716773485	0.0	-0.1348642181817545
step143000	let alone	VP Conjunction	0.928369994359842	0.0547642688998648	-0.1022357838475226	-0.012408347433728206	-0.2022852862854597
step143000	let alone	VP Gap Conjunction	1.0	0.7153226806158678	0.2353975064191049	0.0	-0.1348642181817545
step143000	let alone	Avg_Test	0.9733032524910696	0.2376767911729922	-0.3037145044104814	0.0018800526414738394	-0.12464890483270896
step143000	let alone	Avg_Control	0.964184997179921	0.3850434747578663	0.0665808612857911	-0.006204173716864214	-0.1685747522336077
step143000	much less	NPI	1.0	0.4501176368564922	-0.1348791593087976	0.0	-0.1348642181817545
step143000	much less	Pseudocleft	0.9289340101522844	0.5643433041311695	0.3315697177547018	-0.01635645798082319	-0.2237374443184549
step143000	much less	CP Conjunction	1.0	-0.2401807879702358	-1.1078340716773485	0.0	-0.1348642181817545
step143000	much less	VP Conjunction	0.9469825155104344	0.0691058711015902	-0.1022357838475226	-0.021996615905245154	-0.25438338436559393
step143000	much less	VP Gap Conjunction	1.0	0.665391427947516	0.2353975064191049	0.0	-0.1348642181817545
step143000	much less	Avg_Test	0.976311336717428	0.258093384339142	-0.3037145044104814	-0.005452152660274656	-0.16448862689398938
step143000	much less	Avg_Control	0.9734912577552172	0.3672486495245531	0.0665808612857911	-0.010998307952622799	-0.1946238012736754
step143000	not to mention	NPI	0.9153976311336718	0.038622714675757	-0.1348791593087976	-0.04286520022560625	-0.36777336254000736
step143000	not to mention	Pseudocleft	0.8550479413423576	0.4863562807146601	0.3315697177547018	-0.04794134235758596	-0.39535470858243216
step143000	not to mention	CP Conjunction	1.0	-0.4042595738552414	-1.1078340716773485	0.0	-0.1348642181817545
step143000	not to mention	VP Conjunction	0.979131415679639	0.0683865385813963	-0.1022357838475226	-0.002256063169768785	-0.1471225942006101
step143000	not to mention	VP Gap Conjunction	1.0	0.6939265101358034	0.2353975064191049	0.0	-0.1348642181817545
step143000	not to mention	Avg_Test	0.9234818574920096	0.0402398071783918	-0.3037145044104814	-0.030268847527730958	-0.2993307631013992
step143000	not to mention	Avg_Control	0.9895657078398196	0.3811565243585998	0.0665808612857911	-0.0011280315848843925	-0.1409934061911823
step143000	never mind	NPI	0.9988719684151156	0.2146533365244255	-0.1348791593087976	-0.0011280315848843925	-0.1409934061911823
step143000	never mind	Pseudocleft	0.9390862944162436	0.5749358129044139	0.3315697177547018	-0.025944726452340805	-0.2758355423985927
step143000	never mind	CP Conjunction	1.0	-0.2962738420085186	-1.1078340716773485	0.0	-0.1348642181817545
step143000	never mind	VP Conjunction	0.9035532994923858	0.0354450114756335	-0.1022357838475226	-0.03835307388606879	-0.3432566105022967
step143000	never mind	VP Gap Conjunction	1.0	0.7346811779999021	0.2353975064191049	0.0	-0.1348642181817545
step143000	never mind	Avg_Test	0.9793194209437864	0.1644384358067736	-0.3037145044104814	-0.00902425267907514	-0.1838977222571769
step143000	never mind	Avg_Control	0.9517766497461928	0.3850630947377678	0.0665808612857911	-0.01917653694303456	-0.23906041434202652
