revision	construction	test_type	accuracy	delta_surps	delta_surps_and
step1	let alone	NPI	0.640721940214326	-0.19499999442748672	-0.22530397424843104
step1	let alone	Pseudocleft	0.2222222222222222	0.04962553926867014	0.1739734255924644
step1	let alone	CP Conjunction	0.2137619853355894	0.09105521975031564	0.1652983376620788
step1	let alone	VP Conjunction	0.6040609137055838	-0.014121121763174465	-0.030043989268656323
step1	let alone	VP Gap Conjunction	0.5386350817822899	0.04575013442020669	0.04181589867795717
step1	let alone	Avg_Test	0.3589020492573792	-0.01810641180283367	0.037989263002037386
step1	let alone	Avg_Control	0.5713479977439369	0.01581450632851611	0.005885954704650425
step1	much less	NPI	0.6615905245346869	-0.1806080313100024	-0.22530397424843104
step1	much less	Pseudocleft	0.15905245346869712	0.046808446119279506	0.1739734255924644
step1	much less	CP Conjunction	0.5470953186689227	0.17519215413290976	0.1652983376620788
step1	much less	VP Conjunction	0.7783417935702199	0.05211163750490909	-0.030043989268656323
step1	much less	VP Gap Conjunction	0.9216018048505358	0.16089113163396732	0.04181589867795717
step1	much less	Avg_Test	0.4559127655574356	0.013797522980728963	0.037989263002037386
step1	much less	Avg_Control	0.8499717992103779	0.1065013845694382	0.005885954704650425
step1	not to mention	NPI	0.730400451212634	-0.17316582857789256	-0.22530397424843104
step1	not to mention	Pseudocleft	0.5273547659334461	0.20090662175763208	0.1739734255924644
step1	not to mention	CP Conjunction	0.16694867456288776	0.07353027029623779	0.1652983376620788
step1	not to mention	VP Conjunction	0.43316412859560066	-0.0428526249566592	-0.030043989268656323
step1	not to mention	VP Gap Conjunction	0.3970671178793006	0.019276332263548506	0.04181589867795717
step1	not to mention	Avg_Test	0.4749012972363227	0.03375702115865911	0.037989263002037386
step1	not to mention	Avg_Control	0.41511562323745066	-0.01178814634655535	0.005885954704650425
step1	never mind	NPI	0.6756909193457417	-0.19392089445713337	-0.22530397424843104
step1	never mind	Pseudocleft	0.22786238014664412	0.03460170748001164	0.1739734255924644
step1	never mind	CP Conjunction	0.1900733220530175	0.07599040309520881	0.1652983376620788
step1	never mind	VP Conjunction	0.4709531866892273	-0.04212620375321798	-0.030043989268656323
step1	never mind	VP Gap Conjunction	0.6728708403835307	0.07354297734759188	0.04181589867795717
step1	never mind	Avg_Test	0.36454220718180114	-0.027776261293970973	0.037989263002037386
step1	never mind	Avg_Control	0.571912013536379	0.015708386797186953	0.005885954704650425
step2	let alone	NPI	0.640721940214326	-0.19612265789636568	-0.2268918753342648
step2	let alone	Pseudocleft	0.22053017484489565	0.04679567290777821	0.1713653904397946
step2	let alone	CP Conjunction	0.21206993795826284	0.09406187570639672	0.16941357519555347
step2	let alone	VP Conjunction	0.6023688663282571	-0.013210813540626977	-0.028768516299553824
step2	let alone	VP Gap Conjunction	0.5375070501974055	0.046801311043246106	0.04323835152390973
step2	let alone	Avg_Test	0.35777401767249484	-0.018421703094063588	0.037962363433694434
step2	let alone	Avg_Control	0.5699379582628313	0.016795248751309565	0.00723491761217795
step2	much less	NPI	0.6638465877044557	-0.18166913464455295	-0.2268918753342648
step2	much less	Pseudocleft	0.15848843767625492	0.044056662179222966	0.1713653904397946
step2	much less	CP Conjunction	0.5454032712915962	0.1781537760063813	0.16941357519555347
step2	much less	VP Conjunction	0.7772137619853355	0.05301933213269995	-0.028768516299553824
step2	much less	VP Gap Conjunction	0.9210377890580936	0.16198165525639727	0.04323835152390973
step2	much less	Avg_Test	0.4559127655574356	0.013513767847017103	0.037962363433694434
step2	much less	Avg_Control	0.8491257755217145	0.10750049369454859	0.00723491761217795
step2	not to mention	NPI	0.7326565143824028	-0.17429552761364037	-0.2268918753342648
step2	not to mention	Pseudocleft	0.5284827975183305	0.1983426530281837	0.1713653904397946
step2	not to mention	CP Conjunction	0.16300056401579244	0.07661364136344623	0.16941357519555347
step2	not to mention	VP Conjunction	0.43034404963338974	-0.04188212229582931	-0.028768516299553824
step2	not to mention	VP Gap Conjunction	0.3970671178793006	0.020371035270884554	0.04323835152390973
step2	not to mention	Avg_Test	0.47471329197217527	0.03355358892599652	0.037962363433694434
step2	not to mention	Avg_Control	0.41370558375634514	-0.010755543512472378	0.00723491761217795
step2	never mind	NPI	0.676818950930626	-0.19502625570281107	-0.2268918753342648
step2	never mind	Pseudocleft	0.22842639593908629	0.03198087975189504	0.1713653904397946
step2	never mind	CP Conjunction	0.18725324309080654	0.07895611775371894	0.16941357519555347
step2	never mind	VP Conjunction	0.4686971235194585	-0.041156254578497385	-0.028768516299553824
step2	never mind	VP Gap Conjunction	0.6711787930062042	0.0746290434973427	0.04323835152390973
step2	never mind	Avg_Test	0.3641661966535063	-0.02802975273239904	0.037962363433694434
step2	never mind	Avg_Control	0.5699379582628313	0.016736394459422654	0.00723491761217795
step4	let alone	NPI	0.6711787930062042	-0.21876696066471787	-0.2589991295734369
step4	let alone	Pseudocleft	0.21094190637337845	-0.008425131129196448	0.11986459236123503
step4	let alone	CP Conjunction	0.15397631133671744	0.15299997421152775	0.25019760314717643
step4	let alone	VP Conjunction	0.5707839819514946	0.004634141787525299	-0.0035215298200285813
step4	let alone	VP Gap Conjunction	0.5008460236886633	0.06716232493444153	0.07084525162664024
step4	let alone	Avg_Test	0.3453656702387667	-0.02473070586079552	0.037021021978324846
step4	let alone	Avg_Control	0.535815002820079	0.03589823336098342	0.03366186090330582
step4	much less	NPI	0.6999435984207558	-0.20331261673016657	-0.2589991295734369
step4	much less	Pseudocleft	0.155668358714044	-0.009623445767974354	0.11986459236123503
step4	much less	CP Conjunction	0.43147208121827413	0.23594526537245974	0.25019760314717643
step4	much less	VP Conjunction	0.757473209249859	0.07069736809899972	-0.0035215298200285813
step4	much less	VP Gap Conjunction	0.9091934574168077	0.18289258583615348	0.07084525162664024
step4	much less	Avg_Test	0.429028012784358	0.007669734291439597	0.037021021978324846
step4	much less	Avg_Control	0.8333333333333333	0.12679497696757658	0.03366186090330582
step4	not to mention	NPI	0.7631133671742809	-0.19710603220208647	-0.2589991295734369
step4	not to mention	Pseudocleft	0.5329949238578681	0.14785788493578672	0.11986459236123503
step4	not to mention	CP Conjunction	0.12013536379018612	0.13724685051450605	0.25019760314717643
step4	not to mention	VP Conjunction	0.4032712915961647	-0.02252371594923337	-0.0035215298200285813
step4	not to mention	VP Gap Conjunction	0.3733784545967287	0.04174125927421108	0.07084525162664024
step4	not to mention	Avg_Test	0.47208121827411165	0.029332901082735417	0.037021021978324846
step4	not to mention	Avg_Control	0.3883248730964467	0.009608771662488854	0.03366186090330582
step4	never mind	NPI	0.7163000564015792	-0.2174895416190916	-0.2589991295734369
step4	never mind	Pseudocleft	0.22899041173152848	-0.019086874882783572	0.11986459236123503
step4	never mind	CP Conjunction	0.13310772701635645	0.13700597916897317	0.25019760314717643
step4	never mind	VP Conjunction	0.4467005076142132	-0.02208400485344811	-0.0035215298200285813
step4	never mind	VP Gap Conjunction	0.6373378454596729	0.09541435747313355	0.07084525162664024
step4	never mind	Avg_Test	0.35946606504982137	-0.03319014577763402	0.037021021978324846
step4	never mind	Avg_Control	0.5420191765369431	0.036665176309842715	0.03366186090330582
step8	let alone	NPI	0.7580372250423012	-0.4730651697329862	-0.5414982487505865
step8	let alone	Pseudocleft	0.16187253243090807	-0.3614840935127787	-0.20392400103642724
step8	let alone	CP Conjunction	0.0028200789622109417	0.6533136260220377	0.9321168290647623
step8	let alone	VP Conjunction	0.2673434856175973	0.15249045394062666	0.21298360259803212
step8	let alone	VP Gap Conjunction	0.21432600112803157	0.2370248763358197	0.2933311209595277
step8	let alone	Avg_Test	0.30757661214514004	-0.06041187907457576	0.062231526425916193
step8	let alone	Avg_Control	0.24083474337281444	0.19475766513822318	0.2531573617787799
step8	much less	NPI	0.8099266779469825	-0.4372835594990532	-0.5414982487505865
step8	much less	Pseudocleft	0.18499717992103779	-0.32934504690240207	-0.20392400103642724
step8	much less	CP Conjunction	0.02086858432036097	0.7453175978813882	0.9321168290647623
step8	much less	VP Conjunction	0.562887760857304	0.22546761841405538	0.21298360259803212
step8	much less	VP Gap Conjunction	0.8065425831923294	0.35374071150261743	0.2933311209595277
step8	much less	Avg_Test	0.33859748072946044	-0.007103669506689059	0.062231526425916193
step8	much less	Avg_Control	0.6847151720248167	0.2896041649583364	0.2531573617787799
step8	not to mention	NPI	0.9238578680203046	-0.42235505802780643	-0.5414982487505865
step8	not to mention	Pseudocleft	0.7450648618161309	-0.08694587531092472	-0.20392400103642724
step8	not to mention	CP Conjunction	0.00676818950930626	0.6711096319853755	0.9321168290647623
step8	not to mention	VP Conjunction	0.17653694303440495	0.14243279428584252	0.21298360259803212
step8	not to mention	VP Gap Conjunction	0.2470389170896785	0.2252800511695272	0.2933311209595277
step8	not to mention	Avg_Test	0.5585636397819139	0.053936232882214795	0.062231526425916193
step8	not to mention	Avg_Control	0.21178793006204172	0.18385642272768485	0.2531573617787799
step8	never mind	NPI	0.9323181049069373	-0.43828500520692176	-0.5414982487505865
step8	never mind	Pseudocleft	0.27411167512690354	-0.31413831458008357	-0.20392400103642724
step8	never mind	CP Conjunction	0.0	0.6230142015692748	0.9321168290647623
step8	never mind	VP Conjunction	0.20191765369430345	0.13824657928587294	0.21298360259803212
step8	never mind	VP Gap Conjunction	0.2673434856175973	0.2511825195760023	0.2933311209595277
step8	never mind	Avg_Test	0.40214326001128026	-0.04313637273924354	0.062231526425916193
step8	never mind	Avg_Control	0.23463056965595036	0.1947145494309376	0.2531573617787799
step16	let alone	NPI	0.9977439368302312	-0.3958020810010535	-0.5306253400954296
step16	let alone	Pseudocleft	0.07839819514946418	-0.01009960142287293	0.10647958291834247
step16	let alone	CP Conjunction	0.0	0.5552112990291659	0.8622626005023197
step16	let alone	VP Conjunction	0.046813310772701636	0.1923052448373829	0.2981042964137078
step16	let alone	VP Gap Conjunction	0.009024252679075015	0.22331729529607258	0.30776179099042605
step16	let alone	Avg_Test	0.35871404399323176	0.0497698722017464	0.1460389477750775
step16	let alone	Avg_Control	0.027918781725888325	0.2078112700667277	0.3029330437020669
step16	much less	NPI	0.9774393683023125	-0.4031578936418166	-0.5306253400954296
step16	much less	Pseudocleft	0.05358150028200789	-0.0625882016960268	0.10647958291834247
step16	much less	CP Conjunction	0.0	0.5388424551157514	0.8622626005023197
step16	much less	VP Conjunction	0.1020868584320361	0.22545761317098748	0.2981042964137078
step16	much less	VP Gap Conjunction	0.14213197969543148	0.2618349933785635	0.30776179099042605
step16	much less	Avg_Test	0.3436736228614401	0.024365453259302675	0.1460389477750775
step16	much less	Avg_Control	0.12210941906373379	0.2436463032747755	0.3029330437020669
step16	not to mention	NPI	0.9971799210377891	-0.41329360236841883	-0.5306253400954296
step16	not to mention	Pseudocleft	0.6142131979695431	0.13498845990606428	0.10647958291834247
step16	not to mention	CP Conjunction	0.005076142131979695	0.6958592264785379	0.8622626005023197
step16	not to mention	VP Conjunction	0.155668358714044	0.2476450553803677	0.2981042964137078
step16	not to mention	VP Gap Conjunction	0.1889452904681331	0.2540098594798923	0.30776179099042605
step16	not to mention	Avg_Test	0.5388230870464372	0.13918469467206107	0.1460389477750775
step16	not to mention	Avg_Control	0.17230682459108854	0.25082745743013	0.3029330437020669
step16	never mind	NPI	1.0	-0.3854634816943759	-0.5306253400954296
step16	never mind	Pseudocleft	0.12859560067681894	-0.000857046614645306	0.10647958291834247
step16	never mind	CP Conjunction	0.0	0.4571605172455815	0.8622626005023197
step16	never mind	VP Conjunction	0.0045121263395375075	0.17137125018486113	0.2981042964137078
step16	never mind	VP Gap Conjunction	0.008460236886632826	0.19410140139197335	0.30776179099042605
step16	never mind	Avg_Test	0.3761985335589397	0.023613329645520112	0.1460389477750775
step16	never mind	Avg_Control	0.0064861816130851666	0.18273632578841725	0.3029330437020669
step32	let alone	NPI	0.9960518894529047	-0.27174252140542177	-0.3487028572697863
step32	let alone	Pseudocleft	0.019740552735476594	-0.4439080298047784	-0.38124412476377706
step32	let alone	CP Conjunction	0.0	0.09028523962039162	0.3101542621296271
step32	let alone	VP Conjunction	0.0	0.19011687425590812	0.2780786047395985
step32	let alone	VP Gap Conjunction	0.0	0.04394723759891621	0.10636078833995805
step32	let alone	Avg_Test	0.33859748072946044	-0.2084551038632695	-0.1399309066346454
step32	let alone	Avg_Control	0.0	0.11703205592741216	0.19221969653977827
step32	much less	NPI	1.0	-0.26602469711604926	-0.3487028572697863
step32	much less	Pseudocleft	0.02763677382966723	-0.44982827751904103	-0.38124412476377706
step32	much less	CP Conjunction	0.0	0.08952800688337488	0.3101542621296271
step32	much less	VP Conjunction	0.006204173716864072	0.21295475516020748	0.2780786047395985
step32	much less	VP Gap Conjunction	0.00338409475465313	0.05309837414461277	0.10636078833995805
step32	much less	Avg_Test	0.34254559127655576	-0.2087749892505718	-0.1399309066346454
step32	much less	Avg_Control	0.004794134235758601	0.1330265646524101	0.19221969653977827
step32	not to mention	NPI	0.9864636209813875	-0.2849155238840584	-0.3487028572697863
step32	not to mention	Pseudocleft	0.8945290468133108	-0.3378226010730827	-0.38124412476377706
step32	not to mention	CP Conjunction	0.007896221094190638	0.22223541902003152	0.3101542621296271
step32	not to mention	VP Conjunction	0.09475465313028765	0.22167002031914743	0.2780786047395985
step32	not to mention	VP Gap Conjunction	0.12803158488437677	0.0643516573876361	0.10636078833995805
step32	not to mention	Avg_Test	0.6296296296296297	-0.13350090197903655	-0.1399309066346454
step32	not to mention	Avg_Control	0.1113931190073322	0.14301083885339178	0.19221969653977827
step32	never mind	NPI	1.0	-0.2498355022071111	-0.3487028572697863
step32	never mind	Pseudocleft	0.009588268471517203	-0.44757246850105714	-0.38124412476377706
step32	never mind	CP Conjunction	0.0	-0.007802691085824027	0.3101542621296271
step32	never mind	VP Conjunction	0.0	0.15359743960617767	0.2780786047395985
step32	never mind	VP Gap Conjunction	0.0	0.007972305263426798	0.10636078833995805
step32	never mind	Avg_Test	0.3365294228238391	-0.23507022059799743	-0.1399309066346454
step32	never mind	Avg_Control	0.0	0.08078487243480223	0.19221969653977827
step64	let alone	NPI	0.9937958262831359	-0.1180115883725549	-0.1803595337972625
step64	let alone	Pseudocleft	0.05527354765933446	-0.4056135455700078	-0.35994803293640165
step64	let alone	CP Conjunction	0.0	-0.009820406677624769	0.19357865231896415
step64	let alone	VP Conjunction	0.0	0.19485679616782872	0.33442071488666053
step64	let alone	VP Gap Conjunction	0.0	-0.014584856253859023	0.09945488460172856
step64	let alone	Avg_Test	0.3496897913141568	-0.17781518020672915	-0.11557630480490001
step64	let alone	Avg_Control	0.0	0.09013596995698485	0.21693779974419453
step64	much less	NPI	0.9926677946982515	-0.12095992200736334	-0.1803595337972625
step64	much less	Pseudocleft	0.1212633953750705	-0.41605467347189723	-0.35994803293640165
step64	much less	CP Conjunction	0.0	0.021622503940089573	0.19357865231896415
step64	much less	VP Conjunction	0.0	0.23427077813533087	0.33442071488666053
step64	much less	VP Gap Conjunction	0.0	0.016742139365534564	0.09945488460172856
step64	much less	Avg_Test	0.3713103966911073	-0.17179736384639033	-0.11557630480490001
step64	much less	Avg_Control	0.0	0.12550645875043273	0.21693779974419453
step64	not to mention	NPI	0.8646362098138748	-0.13673044985724384	-0.1803595337972625
step64	not to mention	Pseudocleft	0.9255499153976311	-0.3058511249372264	-0.35994803293640165
step64	not to mention	CP Conjunction	0.02030456852791878	0.10705695068910172	0.19357865231896415
step64	not to mention	VP Conjunction	0.012408347433728144	0.23105378159008252	0.33442071488666053
step64	not to mention	VP Gap Conjunction	0.04512126339537507	0.025004304336143375	0.09945488460172856
step64	not to mention	Avg_Test	0.6034968979131415	-0.11184154136845614	-0.11557630480490001
step64	not to mention	Avg_Control	0.028764805414551606	0.12802904296311293	0.21693779974419453
step64	never mind	NPI	1.0	-0.09542064322500127	-0.1803595337972625
step64	never mind	Pseudocleft	0.11280315848843768	-0.40659039583975354	-0.35994803293640165
step64	never mind	CP Conjunction	0.0	-0.08121109116366537	0.19357865231896415
step64	never mind	VP Conjunction	0.0	0.17269348762025957	0.33442071488666053
step64	never mind	VP Gap Conjunction	0.0	-0.031484415890198264	0.09945488460172856
step64	never mind	Avg_Test	0.37093438616281255	-0.19440737674280673	-0.11557630480490001
step64	never mind	Avg_Control	0.0	0.07060453586503065	0.21693779974419453
step128	let alone	NPI	0.9796954314720813	0.09345168954426464	0.034464991839000626
step128	let alone	Pseudocleft	0.0022560631697687537	-0.21790889260194696	-0.10920948748257761
step128	let alone	CP Conjunction	0.0	-0.2215174937476832	0.009452269296490127
step128	let alone	VP Conjunction	0.0	0.20152368238936422	0.35771593345603364
step128	let alone	VP Gap Conjunction	0.0	-0.034170212344940415	0.12320643014579725
step128	let alone	Avg_Test	0.3273171648806167	-0.11532489893512185	-0.021764075449028954
step128	let alone	Avg_Control	0.0	0.08367673502221191	0.24046118180091544
step128	much less	NPI	0.9971799210377891	0.10221343785440322	0.034464991839000626
step128	much less	Pseudocleft	0.06373378454596729	-0.172891056342644	-0.10920948748257761
step128	much less	CP Conjunction	0.0	-0.16510738522335425	0.009452269296490127
step128	much less	VP Conjunction	0.0	0.22680435541048605	0.35771593345603364
step128	much less	VP Gap Conjunction	0.0	-0.00041718598616977495	0.12320643014579725
step128	much less	Avg_Test	0.3536379018612521	-0.07859500123719834	-0.021764075449028954
step128	much less	Avg_Control	0.0	0.11319358471215814	0.24046118180091544
step128	not to mention	NPI	0.4918217710095883	0.05274031919338444	0.034464991839000626
step128	not to mention	Pseudocleft	0.16751269035532995	-0.15844292621859976	-0.10920948748257761
step128	not to mention	CP Conjunction	0.015228426395939087	-0.10868144290835859	0.009452269296490127
step128	not to mention	VP Conjunction	0.019740552735476594	0.2269657705708271	0.35771593345603364
step128	not to mention	VP Gap Conjunction	0.0	0.014341237110669371	0.12320643014579725
step128	not to mention	Avg_Test	0.2248542959202858	-0.07146134997785797	-0.021764075449028954
step128	not to mention	Avg_Control	0.009870276367738297	0.12065350384074823	0.24046118180091544
step128	never mind	NPI	0.9904117315284828	0.09107140747087523	0.034464991839000626
step128	never mind	Pseudocleft	0.05978567399887197	-0.186721594671173	-0.10920948748257761
step128	never mind	CP Conjunction	0.0	-0.24206562897477255	0.009452269296490127
step128	never mind	VP Conjunction	0.0	0.20151394743470236	0.35771593345603364
step128	never mind	VP Gap Conjunction	0.0	-0.025462617459972244	0.12320643014579725
step128	never mind	Avg_Test	0.3500658018424516	-0.11257193872502344	-0.021764075449028954
step128	never mind	Avg_Control	0.0	0.08802566498736507	0.24046118180091544
step256	let alone	NPI	0.9892836999435984	0.09678873851752456	0.021489534684647555
step256	let alone	Pseudocleft	0.0028200789622109417	0.4014373979390979	0.5549222934871357
step256	let alone	CP Conjunction	0.0	-0.4992815086011892	-0.22848856173459917
step256	let alone	VP Conjunction	0.0	0.15821664668178398	0.27424288199436037
step256	let alone	VP Gap Conjunction	0.0	-0.00758888515724144	0.17643001209997014
step256	let alone	Avg_Test	0.3307012596352698	-0.00035179071485559214	0.11597442214572803
step256	let alone	Avg_Control	0.0	0.07531388076227127	0.22533644704716527
step256	much less	NPI	0.9921037789058094	0.08304853057431016	0.021489534684647555
step256	much less	Pseudocleft	0.04286520022560632	0.4434085333340597	0.5549222934871357
step256	much less	CP Conjunction	0.15002820078962212	-0.27653154920738293	-0.22848856173459917
step256	much less	VP Conjunction	0.4467005076142132	0.2722082756632005	0.27424288199436037
step256	much less	VP Gap Conjunction	0.0	0.08235439498479663	0.17643001209997014
step256	much less	Avg_Test	0.39499905997367923	0.08330850490032898	0.11597442214572803
step256	much less	Avg_Control	0.2233502538071066	0.17728133532399856	0.22533644704716527
step256	not to mention	NPI	0.7743936830231246	0.05158368410260007	0.021489534684647555
step256	not to mention	Pseudocleft	0.029892836999435984	0.3552698680255888	0.5549222934871357
step256	not to mention	CP Conjunction	0.21206993795826284	-0.2700013724411536	-0.22848856173459917
step256	not to mention	VP Conjunction	0.8127467569091935	0.32796921221737935	0.27424288199436037
step256	not to mention	VP Gap Conjunction	0.0	0.06704659577620883	0.17643001209997014
step256	not to mention	Avg_Test	0.33878548599360786	0.04561739322901175	0.11597442214572803
step256	not to mention	Avg_Control	0.40637337845459676	0.19750790399679408	0.22533644704716527
step256	never mind	NPI	0.9954878736604625	0.09519767277131831	0.021489534684647555
step256	never mind	Pseudocleft	0.007896221094190638	0.3990347037124419	0.5549222934871357
step256	never mind	CP Conjunction	0.0	-0.4780398176271769	-0.22848856173459917
step256	never mind	VP Conjunction	0.06260575296108291	0.1970522569117409	0.27424288199436037
step256	never mind	VP Gap Conjunction	0.0	-0.016290597705873332	0.17643001209997014
step256	never mind	Avg_Test	0.33446136491821776	0.005397519618861096	0.11597442214572803
step256	never mind	Avg_Control	0.031302876480541454	0.09038082960293378	0.22533644704716527
step512	let alone	NPI	0.9357021996615905	0.0334727200692613	-0.004543286424132296
step512	let alone	Pseudocleft	0.029892836999435984	0.2196997229957473	0.34221143286845407
step512	let alone	CP Conjunction	0.1692047377326565	-0.46363352492107085	-0.4232211181556715
step512	let alone	VP Conjunction	0.0005640157924421884	0.033083359534903156	0.22099341582391333
step512	let alone	VP Gap Conjunction	0.012972363226170333	0.19297942184689215	0.34295531335821006
step512	let alone	Avg_Test	0.37826659146456104	-0.07015369395202074	-0.028517657237116568
step512	let alone	Avg_Control	0.006768189509306261	0.11303139069089765	0.2819743645910617
step512	much less	NPI	0.9035532994923858	0.028555239383204804	-0.004543286424132296
step512	much less	Pseudocleft	0.09306260575296109	0.24532710907490188	0.34221143286845407
step512	much less	CP Conjunction	0.9605188945290468	-0.3448798066132229	-0.4232211181556715
step512	much less	VP Conjunction	0.9706711787930062	0.30435193196838345	0.22099341582391333
step512	much less	VP Gap Conjunction	0.11223914269599548	0.2611058442792984	0.34295531335821006
step512	much less	Avg_Test	0.6523782665914646	-0.023665819385038728	-0.028517657237116568
step512	much less	Avg_Control	0.5414551607445008	0.2827288881238409	0.2819743645910617
step512	not to mention	NPI	0.9120135363790186	0.046049718324303025	-0.004543286424132296
step512	not to mention	Pseudocleft	0.494077834179357	0.33397247693125837	0.34221143286845407
step512	not to mention	CP Conjunction	1.0	-0.25304369757018114	-0.4232211181556715
step512	not to mention	VP Conjunction	0.9892836999435984	0.4013188435274265	0.22099341582391333
step512	not to mention	VP Gap Conjunction	0.13254371122391426	0.18566912496688334	0.34295531335821006
step512	not to mention	Avg_Test	0.8020304568527918	0.042326165895126756	-0.028517657237116568
step512	not to mention	Avg_Control	0.5609137055837563	0.29349398424715495	0.2819743645910617
step512	never mind	NPI	0.975747320924986	0.0855963365949619	-0.004543286424132296
step512	never mind	Pseudocleft	0.2622673434856176	0.2709639496004521	0.34221143286845407
step512	never mind	CP Conjunction	0.577552171460801	-0.4123552056671332	-0.4232211181556715
step512	never mind	VP Conjunction	0.8990411731528483	0.31345250952129505	0.22099341582391333
step512	never mind	VP Gap Conjunction	0.0	0.12904369528523557	0.34295531335821006
step512	never mind	Avg_Test	0.6051889452904682	-0.01859830649057307	-0.028517657237116568
step512	never mind	Avg_Control	0.44952058657642413	0.2212481024032653	0.2819743645910617
step1000	let alone	NPI	0.8950930626057529	0.03279610602652629	-0.03323997835351866
step1000	let alone	Pseudocleft	0.9644670050761421	0.4452888037750967	0.2565028731996436
step1000	let alone	CP Conjunction	1.0	-0.4345199830506524	-0.636895935883713
step1000	let alone	VP Conjunction	0.3513818386914834	0.062297456357281414	0.10101630172686461
step1000	let alone	VP Gap Conjunction	0.21150592216582065	0.4260504541596113	0.4932289235146787
step1000	let alone	Avg_Test	0.9531866892272983	0.014521642250323524	-0.13787768034586267
step1000	let alone	Avg_Control	0.281443880428652	0.24417395525844637	0.29712261262077166
step1000	much less	NPI	0.9684151156232375	0.045722909250705865	-0.03323997835351866
step1000	much less	Pseudocleft	0.9142695995487874	0.3949411551426577	0.2565028731996436
step1000	much less	CP Conjunction	0.990975747320925	-0.4739126350942871	-0.636895935883713
step1000	much less	VP Conjunction	0.8302312464749013	0.2147700820208537	0.10101630172686461
step1000	much less	VP Gap Conjunction	0.6576424139875916	0.5229978755040823	0.4932289235146787
step1000	much less	Avg_Test	0.9578868208309833	-0.011082856900307844	-0.13787768034586267
step1000	much less	Avg_Control	0.7439368302312465	0.368883978762468	0.29712261262077166
step1000	not to mention	NPI	0.5741680767061478	-0.029299029507881755	-0.03323997835351866
step1000	not to mention	Pseudocleft	0.9887196841511562	0.441574181531421	0.2565028731996436
step1000	not to mention	CP Conjunction	1.0	-0.3408253207693514	-0.636895935883713
step1000	not to mention	VP Conjunction	1.0	0.35748038813681904	0.10101630172686461
step1000	not to mention	VP Gap Conjunction	0.0045121263395375075	0.26776134866950074	0.4932289235146787
step1000	not to mention	Avg_Test	0.8542959202857681	0.023816610418062593	-0.13787768034586267
step1000	not to mention	Avg_Control	0.5022560631697688	0.3126208684031599	0.29712261262077166
step1000	never mind	NPI	0.9949238578680203	0.07499386614752701	-0.03323997835351866
step1000	never mind	Pseudocleft	0.9825155104342922	0.44413055166039034	0.2565028731996436
step1000	never mind	CP Conjunction	0.9560067681895094	-0.5057877554304507	-0.636895935883713
step1000	never mind	VP Conjunction	0.9921037789058094	0.3030457590773357	0.10101630172686461
step1000	never mind	VP Gap Conjunction	0.0	0.19745983380889462	0.4932289235146787
step1000	never mind	Avg_Test	0.9778153788306073	0.004445554125822225	-0.13787768034586267
step1000	never mind	Avg_Control	0.4960518894529047	0.25025279644311516	0.29712261262077166
step2000	let alone	NPI	1.0	0.31669733837641906	0.08587044951476018
step2000	let alone	Pseudocleft	1.0	0.6948181609279075	0.306991211653966
step2000	let alone	CP Conjunction	1.0	-0.06215849275045723	-0.892915698006808
step2000	let alone	VP Conjunction	0.6277495769881557	0.16766977928751145	0.1155011836781854
step2000	let alone	VP Gap Conjunction	0.9238578680203046	0.6374420213349714	0.4888816166246805
step2000	let alone	Avg_Test	1.0	0.31645233551795643	-0.1666846789460273
step2000	let alone	Avg_Control	0.7758037225042301	0.40255590031124144	0.3021914001514329
step2000	much less	NPI	1.0	0.37958352671998136	0.08587044951476018
step2000	much less	Pseudocleft	1.0	0.709657447592256	0.306991211653966
step2000	much less	CP Conjunction	1.0	-0.3325900784065948	-0.892915698006808
step2000	much less	VP Conjunction	0.15284827975183304	-0.013018934187482989	0.1155011836781854
step2000	much less	VP Gap Conjunction	0.6683587140439933	0.5364231455480722	0.4888816166246805
step2000	much less	Avg_Test	1.0	0.25221696530188087	-0.1666846789460273
step2000	much less	Avg_Control	0.41060349689791314	0.26170210568029467	0.3021914001514329
step2000	not to mention	NPI	0.3299492385786802	0.06421948810519301	0.08587044951476018
step2000	not to mention	Pseudocleft	0.7264523406655387	0.36631858920351773	0.306991211653966
step2000	not to mention	CP Conjunction	1.0	-0.46392886812110035	-0.892915698006808
step2000	not to mention	VP Conjunction	0.6965595036661026	0.18707620593295282	0.1155011836781854
step2000	not to mention	VP Gap Conjunction	0.6514382402707276	0.5186306806317978	0.4888816166246805
step2000	not to mention	Avg_Test	0.6854671930814064	-0.011130263604129878	-0.1666846789460273
step2000	not to mention	Avg_Control	0.6739988719684151	0.35285344328237533	0.3021914001514329
step2000	never mind	NPI	0.9988719684151156	0.21443819421465896	0.08587044951476018
step2000	never mind	Pseudocleft	1.0	0.6852867698777011	0.306991211653966
step2000	never mind	CP Conjunction	1.0	-0.43253563610900947	-0.892915698006808
step2000	never mind	VP Conjunction	0.8606880992667795	0.25444412016290363	0.1155011836781854
step2000	never mind	VP Gap Conjunction	0.5865764241398759	0.5081660224432604	0.4888816166246805
step2000	never mind	Avg_Test	0.9996239894717052	0.1557297759944502	-0.1666846789460273
step2000	never mind	Avg_Control	0.7236322617033277	0.381305071303082	0.3021914001514329
step4000	let alone	NPI	1.0	0.17427525410057795	-0.10448801537657348
step4000	let alone	Pseudocleft	1.0	0.8554268230238138	0.44342123298946234
step4000	let alone	CP Conjunction	1.0	-0.11143075471803823	-0.8890219498541284
step4000	let alone	VP Conjunction	0.23463056965595036	-0.028036592104847793	0.054085881980340915
step4000	let alone	VP Gap Conjunction	0.9802594472645234	0.7185615135059475	0.5481322518997924
step4000	let alone	Avg_Test	1.0	0.30609044080211784	-0.18336291074707983
step4000	let alone	Avg_Control	0.6074450084602369	0.34526246070054983	0.3011090669400666
step4000	much less	NPI	1.0	0.20931748125557165	-0.10448801537657348
step4000	much less	Pseudocleft	1.0	0.9081972007084484	0.44342123298946234
step4000	much less	CP Conjunction	1.0	-0.2564349963849235	-0.8890219498541284
step4000	much less	VP Conjunction	0.18612521150592218	-0.06238152371646992	0.054085881980340915
step4000	much less	VP Gap Conjunction	0.9593908629441624	0.7082490033506339	0.5481322518997924
step4000	much less	Avg_Test	1.0	0.2870265618596989	-0.18336291074707983
step4000	much less	Avg_Control	0.5727580372250423	0.32293373981708196	0.3011090669400666
step4000	not to mention	NPI	0.7743936830231246	-0.04780512345556614	-0.10448801537657348
step4000	not to mention	Pseudocleft	0.59278059785674	0.4656927065195771	0.44342123298946234
step4000	not to mention	CP Conjunction	1.0	-0.5510232642217336	-0.8890219498541284
step4000	not to mention	VP Conjunction	0.6790750141003948	0.09696952273330646	0.054085881980340915
step4000	not to mention	VP Gap Conjunction	0.23688663282571912	0.46263583783570883	0.5481322518997924
step4000	not to mention	Avg_Test	0.7890580936266215	-0.04437856038590754	-0.18336291074707983
step4000	not to mention	Avg_Control	0.45798082346305696	0.27980268028450767	0.3011090669400666
step4000	never mind	NPI	0.9954878736604625	0.08118398796012694	-0.10448801537657348
step4000	never mind	Pseudocleft	1.0	0.8557365898082838	0.44342123298946234
step4000	never mind	CP Conjunction	1.0	-0.2884089576949256	-0.8890219498541284
step4000	never mind	VP Conjunction	0.622673434856176	0.10085791917554551	0.054085881980340915
step4000	never mind	VP Gap Conjunction	0.9819514946418499	0.7458145895450718	0.5481322518997924
step4000	never mind	Avg_Test	0.9984959578868208	0.21617054002449507	-0.18336291074707983
step4000	never mind	Avg_Control	0.802312464749013	0.4233362543603087	0.3011090669400666
step8000	let alone	NPI	1.0	0.3035640368270659	-0.010296555877874885
step8000	let alone	Pseudocleft	0.961082910321489	0.581832882783807	0.3425787611325044
step8000	let alone	CP Conjunction	1.0	-0.11813811669562135	-1.027109544827181
step8000	let alone	VP Conjunction	0.6649746192893401	-0.058764718981429286	-0.11962448521919057
step8000	let alone	VP Gap Conjunction	0.975747320924986	0.7221963510497169	0.42473908124236287
step8000	let alone	Avg_Test	0.9870276367738297	0.25575293430508383	-0.2316091131908505
step8000	let alone	Avg_Control	0.820360970107163	0.3317158160341438	0.15255729801158616
step8000	much less	NPI	1.0	0.3929589277462171	-0.010296555877874885
step8000	much less	Pseudocleft	0.9971799210377891	0.7404163476779376	0.3425787611325044
step8000	much less	CP Conjunction	1.0	-0.2308513924555125	-1.027109544827181
step8000	much less	VP Conjunction	0.6655386350817822	-0.06020399371715703	-0.11962448521919057
step8000	much less	VP Gap Conjunction	0.9469825155104343	0.6856070947189891	0.42473908124236287
step8000	much less	Avg_Test	0.999059973679263	0.30084129432288076	-0.2316091131908505
step8000	much less	Avg_Control	0.8062605752961083	0.312701550500916	0.15255729801158616
step8000	not to mention	NPI	0.7901861252115059	0.04234501499277148	-0.010296555877874885
step8000	not to mention	Pseudocleft	0.5228426395939086	0.3413169756489693	0.3425787611325044
step8000	not to mention	CP Conjunction	1.0	-0.5490151390273627	-1.027109544827181
step8000	not to mention	VP Conjunction	0.8646362098138748	0.017909352683913426	-0.11962448521919057
step8000	not to mention	VP Gap Conjunction	0.9588268471517203	0.5790384601080949	0.42473908124236287
step8000	not to mention	Avg_Test	0.7710095882684715	-0.05511771612854061	-0.2316091131908505
step8000	not to mention	Avg_Control	0.9117315284827976	0.29847390639600413	0.15255729801158616
step8000	never mind	NPI	0.9650310208685843	0.14960921637701302	-0.010296555877874885
step8000	never mind	Pseudocleft	0.913141567963903	0.5777496102833842	0.3425787611325044
step8000	never mind	CP Conjunction	1.0	-0.3456432960561891	-1.027109544827181
step8000	never mind	VP Conjunction	0.48279751833051326	-0.12197199193219714	-0.11962448521919057
step8000	never mind	VP Gap Conjunction	0.9960518894529047	0.6852233040084021	0.42473908124236287
step8000	never mind	Avg_Test	0.9593908629441624	0.1272385102014027	-0.2316091131908505
step8000	never mind	Avg_Control	0.739424703891709	0.2816256560381025	0.15255729801158616
step16000	let alone	NPI	1.0	0.3754960432337693	-0.08138515192172786
step16000	let alone	Pseudocleft	0.9983079526226735	0.7109055318740957	0.3930525871164975
step16000	let alone	CP Conjunction	1.0	-0.1600940983240307	-1.0341707710754515
step16000	let alone	VP Conjunction	0.8251551043429216	-0.006024796614455968	-0.1262295462623936
step16000	let alone	VP Gap Conjunction	1.0	0.7923973646126289	0.3648462185265315
step16000	let alone	Avg_Test	0.9994359842075579	0.3087691589279447	-0.24083444529356063
step16000	let alone	Avg_Control	0.9125775521714607	0.39318628399908645	0.11930833613206893
step16000	much less	NPI	1.0	0.3912857915477032	-0.08138515192172786
step16000	much less	Pseudocleft	0.9977439368302312	0.7355236142487157	0.3930525871164975
step16000	much less	CP Conjunction	1.0	-0.22304073243375155	-1.0341707710754515
step16000	much less	VP Conjunction	0.7659334461364918	-0.043311482288040014	-0.1262295462623936
step16000	much less	VP Gap Conjunction	1.0	0.6799423164791532	0.3648462185265315
step16000	much less	Avg_Test	0.9992479789434103	0.30125622445422245	-0.24083444529356063
step16000	much less	Avg_Control	0.8829667230682459	0.31831541709555655	0.11930833613206893
step16000	not to mention	NPI	0.9695431472081218	0.07891370076213391	-0.08138515192172786
step16000	not to mention	Pseudocleft	0.892272983643542	0.5484922416319097	0.3930525871164975
step16000	not to mention	CP Conjunction	1.0	-0.48715148520752055	-1.0341707710754515
step16000	not to mention	VP Conjunction	0.8432036097010717	-0.011593422779442558	-0.1262295462623936
step16000	not to mention	VP Gap Conjunction	0.9994359842075579	0.685005900285638	0.3648462185265315
step16000	not to mention	Avg_Test	0.953938710283888	0.04675148572884101	-0.24083444529356063
step16000	not to mention	Avg_Control	0.9213197969543148	0.33670623875309774	0.11930833613206893
step16000	never mind	NPI	1.0	0.17419027824961258	-0.08138515192172786
step16000	never mind	Pseudocleft	0.9362662154540327	0.6538593922371388	0.3930525871164975
step16000	never mind	CP Conjunction	1.0	-0.20417201687102257	-1.0341707710754515
step16000	never mind	VP Conjunction	0.6689227298364354	-0.06798644477340776	-0.1262295462623936
step16000	never mind	VP Gap Conjunction	1.0	0.7279598348502446	0.3648462185265315
step16000	never mind	Avg_Test	0.9787554051513442	0.20795921787190963	-0.24083444529356063
step16000	never mind	Avg_Control	0.8344613649182178	0.32998669503841843	0.11930833613206893
step32000	let alone	NPI	1.0	0.37209960557751515	-0.05904556517539156
step32000	let alone	Pseudocleft	0.9932318104906938	0.7046752946899896	0.3659629636206199
step32000	let alone	CP Conjunction	1.0	-0.13897918686648916	-1.0573796140764369
step32000	let alone	VP Conjunction	0.8009024252679074	0.026342551316908377	-0.08600898899738894
step32000	let alone	VP Gap Conjunction	0.9892836999435984	0.6814750733512711	0.33507761656733737
step32000	let alone	Avg_Test	0.9977439368302313	0.31259857113367184	-0.2501540718770695
step32000	let alone	Avg_Control	0.8950930626057529	0.3539088123340897	0.12453431378497422
step32000	much less	NPI	1.0	0.4483142730144882	-0.05904556517539156
step32000	much less	Pseudocleft	0.9949238578680203	0.6934292074387449	0.3659629636206199
step32000	much less	CP Conjunction	1.0	-0.1926979553343143	-1.0573796140764369
step32000	much less	VP Conjunction	0.847151720248167	0.058805005670064456	-0.08600898899738894
step32000	much less	VP Gap Conjunction	0.9847715736040609	0.6363101889034213	0.33507761656733737
step32000	much less	Avg_Test	0.9983079526226734	0.3163485083729729	-0.2501540718770695
step32000	much less	Avg_Control	0.9159616469261139	0.3475575972867429	0.12453431378497422
step32000	not to mention	NPI	0.9667230682459109	0.12962197222013092	-0.05904556517539156
step32000	not to mention	Pseudocleft	0.9018612521150592	0.5148956739357885	0.3659629636206199
step32000	not to mention	CP Conjunction	1.0	-0.44662840650099117	-1.0573796140764369
step32000	not to mention	VP Conjunction	0.883248730964467	0.07051208230377387	-0.08600898899738894
step32000	not to mention	VP Gap Conjunction	0.9954878736604625	0.6861127560513879	0.33507761656733737
step32000	not to mention	Avg_Test	0.9561947734536567	0.0659630798849761	-0.2501540718770695
step32000	not to mention	Avg_Control	0.9393683023124648	0.37831241917758085	0.12453431378497422
step32000	never mind	NPI	0.9977439368302312	0.1918312046935312	-0.05904556517539156
step32000	never mind	Pseudocleft	0.9232938522278624	0.5871650788048466	0.3659629636206199
step32000	never mind	CP Conjunction	1.0	-0.20321842888554004	-1.0573796140764369
step32000	never mind	VP Conjunction	0.8189509306260575	0.031605182901587925	-0.08600898899738894
step32000	never mind	VP Gap Conjunction	0.9994359842075579	0.7388816331647172	0.33507761656733737
step32000	never mind	Avg_Test	0.9736792630193646	0.1919259515376126	-0.2501540718770695
step32000	never mind	Avg_Control	0.9091934574168077	0.3852434080331526	0.12453431378497422
step64000	let alone	NPI	1.0	0.3615703999626388	-0.1138164638061007
step64000	let alone	Pseudocleft	0.8962210941906373	0.549939744699761	0.34143708509304266
step64000	let alone	CP Conjunction	1.0	-0.18529993372990866	-1.1092643447333785
step64000	let alone	VP Conjunction	0.8578680203045685	0.0449295128662574	-0.10042079558697921
step64000	let alone	VP Gap Conjunction	1.0	0.6747103299519065	0.2632183440983531
step64000	let alone	Avg_Test	0.9654070313968791	0.2420700703108304	-0.2938812411488122
step64000	let alone	Avg_Control	0.9289340101522843	0.359819921409082	0.08139877425568694
step64000	much less	NPI	1.0	0.37713127464341767	-0.1138164638061007
step64000	much less	Pseudocleft	0.8939650310208686	0.5373453508980585	0.34143708509304266
step64000	much less	CP Conjunction	1.0	-0.18406480769282738	-1.1092643447333785
step64000	much less	VP Conjunction	0.8849407783417935	0.04927246717161468	-0.10042079558697921
step64000	much less	VP Gap Conjunction	0.9977439368302312	0.6403018841955935	0.2632183440983531
step64000	much less	Avg_Test	0.9646550103402896	0.24347060594954958	-0.2938812411488122
step64000	much less	Avg_Control	0.9413423575860124	0.34478717568360406	0.08139877425568694
step64000	not to mention	NPI	0.8945290468133108	0.05639931944488336	-0.1138164638061007
step64000	not to mention	Pseudocleft	0.7219402143260011	0.4589259574726619	0.34143708509304266
step64000	not to mention	CP Conjunction	1.0	-0.4116279530242817	-1.1092643447333785
step64000	not to mention	VP Conjunction	0.9407783417935702	0.07770854594407617	-0.10042079558697921
step64000	not to mention	VP Gap Conjunction	1.0	0.6479894318825367	0.2632183440983531
step64000	not to mention	Avg_Test	0.8721564203797706	0.03456577463108786	-0.2938812411488122
step64000	not to mention	Avg_Control	0.9703891708967851	0.3628489889133064	0.08139877425568694
step64000	never mind	NPI	0.9977439368302312	0.14992473169833473	-0.1138164638061007
step64000	never mind	Pseudocleft	0.838127467569092	0.5382921407939483	0.34143708509304266
step64000	never mind	CP Conjunction	1.0	-0.24532563405324695	-1.1092643447333785
step64000	never mind	VP Conjunction	0.8166948674562888	0.01709255967782973	-0.10042079558697921
step64000	never mind	VP Gap Conjunction	1.0	0.7005346730410279	0.2632183440983531
step64000	never mind	Avg_Test	0.9452904681331077	0.147630412813012	-0.2938812411488122
step64000	never mind	Avg_Control	0.9083474337281444	0.3588136163594288	0.08139877425568694
step128000	let alone	NPI	1.0	0.34032073400145657	-0.16719610571390617
step128000	let alone	Pseudocleft	0.9142695995487874	0.5259004657173049	0.32858143885526964
step128000	let alone	CP Conjunction	1.0	-0.20060584818113342	-1.1273457147412158
step128000	let alone	VP Conjunction	0.9407783417935702	0.04910175543482265	-0.10419088262524634
step128000	let alone	VP Gap Conjunction	1.0	0.7196031755736771	0.24605230134016232
step128000	let alone	Avg_Test	0.9714231998495958	0.22187178384587602	-0.32198679386661744
step128000	let alone	Avg_Control	0.9703891708967851	0.3843524655042499	0.07093070935745799
step128000	much less	NPI	1.0	0.4263890398738751	-0.16719610571390617
step128000	much less	Pseudocleft	0.9452904681331077	0.61282637330414	0.32858143885526964
step128000	much less	CP Conjunction	1.0	-0.24585532469730625	-1.1273457147412158
step128000	much less	VP Conjunction	0.9689791314156796	0.06621435558600945	-0.10419088262524634
step128000	much less	VP Gap Conjunction	1.0	0.6566571486043311	0.24605230134016232
step128000	much less	Avg_Test	0.9817634893777026	0.264453362826903	-0.32198679386661744
step128000	much less	Avg_Control	0.9844895657078399	0.3614357520951703	0.07093070935745799
step128000	not to mention	NPI	0.958262831359278	0.05740377557391982	-0.16719610571390617
step128000	not to mention	Pseudocleft	0.9029892836999436	0.5169994687200332	0.32858143885526964
step128000	not to mention	CP Conjunction	1.0	-0.40485099474051145	-1.1273457147412158
step128000	not to mention	VP Conjunction	0.9813874788494078	0.07060344193658115	-0.10419088262524634
step128000	not to mention	VP Gap Conjunction	1.0	0.6680926620388731	0.24605230134016232
step128000	not to mention	Avg_Test	0.9537507050197406	0.05651741651781387	-0.32198679386661744
step128000	not to mention	Avg_Control	0.990693739424704	0.3693480519877271	0.07093070935745799
step128000	never mind	NPI	1.0	0.1845308511995422	-0.16719610571390617
step128000	never mind	Pseudocleft	0.9650310208685843	0.6310547620511903	0.32858143885526964
step128000	never mind	CP Conjunction	1.0	-0.3187026990986247	-1.1273457147412158
step128000	never mind	VP Conjunction	0.9419063733784546	0.043768133205407365	-0.10419088262524634
step128000	never mind	VP Gap Conjunction	1.0	0.7154410579281208	0.24605230134016232
step128000	never mind	Avg_Test	0.9883436736228615	0.16562763805070257	-0.32198679386661744
step128000	never mind	Avg_Control	0.9709531866892274	0.37960459556676407	0.07093070935745799
step143000	let alone	NPI	1.0	0.370681702855342	-0.13487915930879765
step143000	let alone	Pseudocleft	0.9199097574732092	0.52393971616376	0.3315697177547018
step143000	let alone	CP Conjunction	1.0	-0.18159104550012545	-1.1078340716773483
step143000	let alone	VP Conjunction	0.928369994359842	0.05476426889986489	-0.10223578384752266
step143000	let alone	VP Gap Conjunction	1.0	0.7153226806158678	0.2353975064191049
step143000	let alone	Avg_Test	0.9733032524910697	0.2376767911729922	-0.3037145044104814
step143000	let alone	Avg_Control	0.964184997179921	0.3850434747578663	0.06658086128579112
step143000	much less	NPI	1.0	0.4501176368564922	-0.13487915930879765
step143000	much less	Pseudocleft	0.9289340101522843	0.5643433041311695	0.3315697177547018
step143000	much less	CP Conjunction	1.0	-0.2401807879702358	-1.1078340716773483
step143000	much less	VP Conjunction	0.9469825155104343	0.06910587110159024	-0.10223578384752266
step143000	much less	VP Gap Conjunction	1.0	0.665391427947516	0.2353975064191049
step143000	much less	Avg_Test	0.9763113367174281	0.258093384339142	-0.3037145044104814
step143000	much less	Avg_Control	0.9734912577552172	0.36724864952455316	0.06658086128579112
step143000	not to mention	NPI	0.9153976311336718	0.03862271467575701	-0.13487915930879765
step143000	not to mention	Pseudocleft	0.8550479413423576	0.4863562807146601	0.3315697177547018
step143000	not to mention	CP Conjunction	1.0	-0.4042595738552414	-1.1078340716773483
step143000	not to mention	VP Conjunction	0.979131415679639	0.06838653858139632	-0.10223578384752266
step143000	not to mention	VP Gap Conjunction	1.0	0.6939265101358034	0.2353975064191049
step143000	not to mention	Avg_Test	0.9234818574920097	0.04023980717839189	-0.3037145044104814
step143000	not to mention	Avg_Control	0.9895657078398195	0.38115652435859987	0.06658086128579112
step143000	never mind	NPI	0.9988719684151156	0.2146533365244255	-0.13487915930879765
step143000	never mind	Pseudocleft	0.9390862944162437	0.5749358129044139	0.3315697177547018
step143000	never mind	CP Conjunction	1.0	-0.29627384200851864	-1.1078340716773483
step143000	never mind	VP Conjunction	0.9035532994923858	0.03544501147563351	-0.10223578384752266
step143000	never mind	VP Gap Conjunction	1.0	0.7346811779999021	0.2353975064191049
step143000	never mind	Avg_Test	0.9793194209437864	0.1644384358067736	-0.3037145044104814
step143000	never mind	Avg_Control	0.9517766497461929	0.3850630947377678	0.06658086128579112
